subroutine,Instruction,Call address,Destination,Resolved name
-,call-near,0x11006fa6,0x68c272ca,
-,call-near,0x11009c34,0x62009c3c,
-,call-near,0x1100e31e,0x68ea0e76,
-,call-near,0x11012226,0x700a962c,
-,jmp-far,0x11001e86,0x110161c8,
-,jmp-far,0x11006c05,0x110161c8,
-,jmp-far,0x1100ccd2,0x11016110,
-,jmp-far,0x1100e253,0x11016114,
-,jmp-far,0x1101330a,0x110161d8,
-,jmp-far,0x110133dc,0x110161d4,
-,jmp-far,0x110133e2,0x110161d0,
-,jmp-far,0x11013434,0x110161cc,
-,jmp-far,0x1101343a,0x110161c8,
-,jmp-far,0x11013440,0x1101613c,
-,jmp-far,0x11013446,0x11016150,
-,jmp-far,0x1101344c,0x11016160,
-,jmp-far,0x11013926,0x1101617c,
-,jmp-far,0x11013ab0,0x11016180,
-,jmp-far,0x11013ab6,0x11016184,
-,jmp-far,0x11013abc,0x1101618c,
-,jmp-far,0x11013ac2,0x11016198,
-,jmp-far,0x11013c6e,0x110161a4,
-,jmp-far,0x11013c74,0x110161a8,
-,jmp-far,0x11013c7a,0x110161ac,
-,jmp-far,0x11013c80,0x110161b4,
-,jmp-far,0x11013d1c,0x110161b8,
-,jmp-far,0x11013d22,0x110161bc,
-,jmp-far,0x11013d28,0x110161c0,
-,jmp-far,0x11013d2e,0x110161c4,
-,jmp-far,0x11013d34,0x1101621c,
-,jmp-far,0x11013d3a,0x11016218,
-,jmp-far,0x11013d40,0x11016220,
-,jmp-far,0x11013d46,0x110161f8,
-,jmp-far,0x11013d4c,0x110161f4,
-,jmp-far,0x11013d52,0x110161f0,
-,jmp-far,0x11013d58,0x11016000,
-,jmp-far,0x11013d60,0x110161e0,
-,jmp-far,0x11013d66,0x110161e4,
-,jmp-far,0x11013d6c,0x110161dc,
-,jmp-far,0x11013db6,0x11016114,
-,jmp-far,0x11013de6,0x11016110,
-,jmp-far,0x11013df2,0x11016110,
-,jmp-far,0x11013dfe,0x11016110,
-,jmp-far,0x11013e0a,0x11016110,
-,jmp-far,0x11013e36,0x11016110,
-,jmp-far,0x11013e42,0x11016110,
-,jmp-far,0x11013e4e,0x11016110,
-,jmp-far,0x11013e73,0x110161c8,
-,jmp-far,0x11013ea3,0x110161c8,
-,jmp-far,0x11014033,0x11016110,
-,jmp-far,0x11014073,0x11016110,
-,jmp-far,0x1101407c,0x11016110,
-,jmp-far,0x110141f3,0x11016114,
-,jmp-far,0x11014223,0x11016114,
-,jmp-far,0x11014446,0x11016110,
-,jmp-far,0x11014483,0x11016110,
-,jmp-far,0x11014556,0x11016110,
-,jmp-far,0x11014562,0x11016110,
-,jmp-far,0x1101456e,0x11016110,
-,jmp-far,0x1101457a,0x11016110,
-,jmp-far,0x11014586,0x11016110,
-,jmp-far,0x11014592,0x11016110,
-,jmp-far,0x1101459e,0x11016110,
-,jmp-far,0x110145aa,0x11016110,
-,jmp-far,0x110145b6,0x11016110,
-,jmp-far,0x110145c2,0x11016110,
-,jmp-far,0x110145ce,0x11016110,
-,jmp-far,0x110145da,0x11016110,
-,jmp-far,0x110145e6,0x11016110,
-,jmp-far,0x110145f2,0x11016110,
-,jmp-far,0x110145fe,0x11016110,
-,jmp-far,0x1101460a,0x11016110,
-,jmp-far,0x11014616,0x11016110,
-,jmp-far,0x11014622,0x11016110,
-,jmp-far,0x1101462e,0x11016110,
-,jmp-far,0x1101463a,0x11016110,
-,jmp-far,0x11014646,0x11016110,
-,jmp-far,0x11014652,0x11016110,
-,jmp-far,0x1101465e,0x11016110,
-,jmp-far,0x1101466a,0x11016110,
-,jmp-far,0x11014676,0x11016110,
-,jmp-far,0x11014682,0x11016110,
-,jmp-far,0x1101468e,0x11016110,
-,jmp-far,0x1101469a,0x11016110,
-,jmp-far,0x110146a6,0x11016110,
-,jmp-far,0x110146b2,0x11016110,
-,jmp-far,0x110146be,0x11016110,
-,jmp-far,0x110146ca,0x11016110,
-,jmp-far,0x110146d6,0x11016110,
-,jmp-far,0x110146e2,0x11016110,
-,jmp-far,0x110146ee,0x11016110,
-,jmp-far,0x110146fa,0x11016110,
-,jmp-far,0x11014706,0x11016110,
-,jmp-far,0x11014712,0x11016110,
-,jmp-far,0x1101471e,0x11016110,
-,jmp-far,0x1101472a,0x11016110,
-,jmp-far,0x11014736,0x11016110,
-,jmp-far,0x11014742,0x11016110,
-,jmp-far,0x1101474e,0x11016110,
-,jmp-far,0x1101475a,0x11016110,
-,jmp-far,0x11014766,0x11016110,
-,jmp-far,0x11014772,0x11016110,
-,jmp-far,0x1101477e,0x11016110,
-,jmp-far,0x1101478a,0x11016110,
-,jmp-far,0x11014796,0x11016110,
-,jmp-far,0x110147a2,0x11016110,
-,jmp-far,0x110147ae,0x11016110,
-,jmp-far,0x110147ba,0x11016110,
-,jmp-far,0x110147c6,0x11016110,
-,jmp-far,0x110147d2,0x11016110,
-,jmp-far,0x110147de,0x11016110,
-,jmp-far,0x110147ea,0x11016110,
-,jmp-far,0x110147f6,0x11016110,
-,jmp-far,0x11014802,0x11016110,
-,jmp-far,0x1101480e,0x11016110,
-,jmp-far,0x1101481a,0x11016110,
-,jmp-far,0x11014826,0x11016110,
-,jmp-far,0x11014832,0x11016110,
-,jmp-far,0x1101483e,0x11016110,
-,jmp-far,0x1101484a,0x11016110,
-,jmp-far,0x11014856,0x11016110,
-,jmp-far,0x11014862,0x11016110,
-,jmp-far,0x1101486e,0x11016110,
-,jmp-far,0x1101487a,0x11016110,
-,jmp-far,0x11014886,0x11016110,
-,jmp-far,0x11014892,0x11016110,
-,jmp-far,0x1101489e,0x11016110,
-,jmp-far,0x110148aa,0x11016110,
-,jmp-far,0x110148b6,0x11016110,
-,jmp-far,0x110148c2,0x11016110,
-,jmp-far,0x110148ce,0x11016110,
-,jmp-far,0x110148da,0x11016110,
-,jmp-far,0x110148e6,0x11016110,
-,jmp-far,0x110148f2,0x11016110,
-,jmp-far,0x110148fe,0x11016110,
-,jmp-far,0x1101490a,0x11016110,
-,jmp-far,0x11014916,0x11016110,
-,jmp-far,0x11014922,0x11016110,
-,jmp-far,0x1101492e,0x11016110,
-,jmp-far,0x1101493a,0x11016110,
-,jmp-far,0x11014946,0x11016110,
-,jmp-far,0x11014952,0x11016110,
-,jmp-far,0x1101495e,0x11016110,
-,jmp-far,0x1101496a,0x11016110,
-,jmp-far,0x11014976,0x11016110,
-,jmp-far,0x11014982,0x11016110,
-,jmp-far,0x1101498e,0x11016110,
-,jmp-far,0x1101499a,0x11016110,
-,jmp-far,0x110149a6,0x11016110,
-,jmp-far,0x110149b2,0x11016110,
-,jmp-far,0x110149be,0x11016110,
-,jmp-far,0x110149ca,0x11016110,
-,jmp-far,0x110149d6,0x11016110,
-,jmp-far,0x110149e2,0x11016110,
-,jmp-far,0x110149ee,0x11016110,
-,jmp-far,0x110149fa,0x11016110,
-,jmp-far,0x11014a06,0x11016110,
-,jmp-far,0x11014a12,0x11016110,
-,jmp-far,0x11014a1e,0x11016110,
-,jmp-far,0x11014a2a,0x11016110,
-,jmp-far,0x11014a36,0x11016110,
-,jmp-far,0x11014a42,0x11016110,
-,jmp-far,0x11014a4e,0x11016110,
-,jmp-far,0x11014a5a,0x11016110,
-,jmp-far,0x11014a66,0x11016110,
-,jmp-far,0x11014a72,0x11016110,
-,jmp-far,0x11014a7e,0x11016110,
-,jmp-far,0x11014a8a,0x11016110,
-,jmp-far,0x11014a96,0x11016110,
-,jmp-far,0x11014aa2,0x11016110,
-,jmp-far,0x11014aae,0x11016110,
-,jmp-far,0x11014aba,0x11016110,
-,jmp-far,0x11014ac6,0x11016110,
-,jmp-far,0x11014ad2,0x11016110,
-,jmp-far,0x11014ade,0x11016110,
-,jmp-far,0x11014aea,0x11016110,
-,jmp-far,0x11014af6,0x11016110,
-,jmp-far,0x11014b02,0x11016110,
-,jmp-far,0x11014b0e,0x11016110,
-,jmp-far,0x11014b1a,0x11016110,
-,jmp-far,0x11014b26,0x11016110,
-,jmp-far,0x11014b32,0x11016110,
-,jmp-far,0x11014b3e,0x11016110,
-,jmp-far,0x11014b4a,0x11016110,
-,jmp-far,0x11014b56,0x11016110,
-,jmp-far,0x11014b62,0x11016110,
-,jmp-far,0x11014b6e,0x11016110,
-,jmp-far,0x11014b7a,0x11016110,
-,jmp-far,0x11014b86,0x11016110,
-,jmp-far,0x11014b92,0x11016110,
-,jmp-far,0x11014b9e,0x11016110,
-,jmp-far,0x11014baa,0x11016110,
-,jmp-far,0x11014bb6,0x11016110,
-,jmp-far,0x11014c43,0x11016110,
-,jmp-far,0x11014c76,0x11016110,
-,jmp-far,0x11014c82,0x11016110,
-,jmp-far,0x11014c8e,0x11016110,
-,jmp-far,0x11014c9a,0x11016110,
-,jmp-far,0x11014ca6,0x11016110,
-,jmp-far,0x11014cb2,0x11016110,
-,jmp-far,0x11014cbe,0x11016110,
-,jmp-far,0x11014cca,0x11016110,
-,jmp-far,0x11014cd6,0x11016110,
-,jmp-far,0x11014ce2,0x11016110,
-,jmp-far,0x11014cee,0x11016110,
-,jmp-far,0x11014cfa,0x11016110,
-,jmp-far,0x11014d06,0x11016110,
-,jmp-far,0x11014d12,0x11016110,
-,jmp-far,0x11014d1e,0x11016110,
-,jmp-far,0x11014d2a,0x11016110,
-,jmp-far,0x11014d36,0x11016110,
-,jmp-far,0x11014d42,0x11016110,
-,jmp-far,0x11014d4e,0x11016110,
-,jmp-far,0x11014d5a,0x11016110,
-,jmp-far,0x11014d66,0x11016110,
-,jmp-far,0x11014d72,0x11016110,
-,jmp-far,0x11014d7e,0x11016110,
-,jmp-far,0x11014d8a,0x11016110,
-,jmp-far,0x11014d96,0x11016110,
-,jmp-far,0x11014da2,0x11016110,
-,jmp-far,0x11014dae,0x11016110,
-,jmp-far,0x11014dba,0x11016110,
-,jmp-far,0x11014dc6,0x11016110,
-,jmp-far,0x11014dd2,0x11016110,
-,jmp-far,0x11014dde,0x11016110,
-,jmp-far,0x11014dea,0x11016110,
-,jmp-far,0x11014df6,0x11016110,
-,jmp-far,0x11014e02,0x11016110,
-,jmp-far,0x11014e0e,0x11016110,
-,jmp-far,0x11014e1a,0x11016110,
-,jmp-far,0x11014e26,0x11016110,
-,jmp-far,0x11014e32,0x11016110,
-,jmp-far,0x11014e3e,0x11016110,
-,jmp-far,0x11014e4a,0x11016110,
-,jmp-far,0x11014e56,0x11016110,
-,jmp-far,0x11014e62,0x11016110,
-,jmp-far,0x11014e6e,0x11016110,
-,jmp-far,0x11014e7a,0x11016110,
-,jmp-far,0x11014e86,0x11016110,
-,jmp-far,0x11014e92,0x11016110,
-,jmp-far,0x11014e9e,0x11016110,
-,jmp-far,0x11014eaa,0x11016110,
-,jmp-far,0x11014eb6,0x11016110,
-,jmp-far,0x11014ec2,0x11016110,
-,jmp-far,0x11014ece,0x11016110,
-,jmp-far,0x11014eda,0x11016110,
-,jmp-far,0x11014ee6,0x11016110,
-,jmp-far,0x11014ef2,0x11016110,
-,jmp-far,0x11014efe,0x11016110,
-,jmp-far,0x11014f0a,0x11016110,
-,jmp-far,0x11014f16,0x11016110,
-,jmp-far,0x11014f22,0x11016110,
-,jmp-far,0x11014f2e,0x11016110,
-,jmp-far,0x11014f3a,0x11016110,
-,jmp-far,0x11014f46,0x11016110,
-,jmp-far,0x11014f52,0x11016110,
-,jmp-far,0x11014f5e,0x11016110,
-,jmp-far,0x11014f6a,0x11016110,
-,jmp-far,0x11014f76,0x11016110,
-,jmp-far,0x11014f82,0x11016110,
-,jmp-far,0x11014f8e,0x11016110,
-,jmp-far,0x11014f9a,0x11016110,
-,jmp-far,0x11014fa6,0x11016110,
-,jmp-far,0x11014fb2,0x11016110,
-,jmp-far,0x11014fbe,0x11016110,
-,jmp-far,0x11014fca,0x11016110,
-,jmp-far,0x11014fd6,0x11016110,
-,jmp-far,0x11014fe2,0x11016110,
-,jmp-far,0x11014fee,0x11016110,
-,jmp-far,0x11014ffa,0x11016110,
-,jmp-far,0x11015006,0x11016110,
-,jmp-far,0x11015012,0x11016110,
-,jmp-far,0x1101501e,0x11016110,
-,jmp-far,0x1101502a,0x11016110,
-,jmp-far,0x11015036,0x11016110,
-,jmp-far,0x11015196,0x11016110,
-,jmp-far,0x110151d6,0x11016110,
-,jmp-far,0x110152d3,0x11016110,
-,jmp-far,0x11015323,0x11016114,
-,jmp-far,0x11015353,0x11016110,
-,jmp-far,0x1101538e,0x11016110,
-,jmp-far,0x11015397,0x11016110,
-,jmp-far,0x110153a8,0x11016110,
-,jmp-far,0x110153bb,0x11016110,
-,jmp-far,0x11015553,0x11016114,
-,jmp-far,0x1101555c,0x11016110,
-,jmp-far,0x110155cd,0x11016110,
-,call-far,0x110010f3,0x11016118,
-,call-far,0x11001115,0x11016110,
-,call-far,0x110013c1,0x11016064,
-,call-far,0x110013d8,0x11016064,
-,call-far,0x110013ef,0x11016064,
-,call-far,0x11001405,0x11016064,
-,call-far,0x1100141c,0x11016064,
-,call-far,0x11001433,0x11016064,
-,call-far,0x11001449,0x11016064,
-,call-far,0x110015bc,0x11016124,
-,call-far,0x11001610,0x11016124,
-,call-far,0x11001624,0x11016124,
-,call-far,0x11001661,0x11016124,
-,call-far,0x11001673,0x11016124,
-,call-far,0x1100169f,0x11016124,
-,call-far,0x110016d2,0x11016110,
-,call-far,0x11001749,0x11016110,
-,call-far,0x110019ba,0x110160fc,
-,call-far,0x11001a26,0x110160f8,
-,call-far,0x11001a5f,0x110160fc,
-,call-far,0x11001aac,0x110160f8,
-,call-far,0x11001ac3,0x11016110,
-,call-far,0x11001b5f,0x11016158,
-,call-far,0x11001bea,0x110160fc,
-,call-far,0x11001c08,0x11016110,
-,call-far,0x11001c6e,0x11016104,
-,call-far,0x11001cbb,0x11016100,
-,call-far,0x11001ce3,0x110160fc,
-,call-far,0x11001cef,0x11016104,
-,call-far,0x11001d12,0x11016110,
-,call-far,0x11001d32,0x11016110,
-,call-far,0x11001d9e,0x110161d0,
-,call-far,0x11001db9,0x1101610c,
-,call-far,0x11001e07,0x11016128,
-,call-far,0x11001e23,0x1101610c,
-,call-far,0x11001e4c,0x11016114,
-,call-far,0x11001e54,0x110161c8,
-,call-far,0x11001e99,0x110161c8,
-,call-far,0x11001ec8,0x110161d0,
-,call-far,0x1100200a,0x1101612c,
-,call-far,0x1100224d,0x11016158,
-,call-far,0x1100268b,0x11016158,
-,call-far,0x11002a7b,0x11016158,
-,call-far,0x11002e82,0x11016158,
-,call-far,0x11003172,0x11016158,
-,call-far,0x11003536,0x11016124,
-,call-far,0x11003548,0x11016124,
-,call-far,0x1100378b,0x11016118,
-,call-far,0x110037b7,0x11016110,
-,call-far,0x110037f8,0x11016118,
-,call-far,0x1100381e,0x11016110,
-,call-far,0x1100385d,0x11016118,
-,call-far,0x11003883,0x11016110,
-,call-far,0x110038c0,0x11016118,
-,call-far,0x110038e6,0x11016110,
-,call-far,0x11003921,0x11016118,
-,call-far,0x11003947,0x11016110,
-,call-far,0x11003988,0x11016118,
-,call-far,0x110039ae,0x11016110,
-,call-far,0x110039eb,0x11016118,
-,call-far,0x11003a11,0x11016110,
-,call-far,0x11003a50,0x11016118,
-,call-far,0x11003a76,0x11016110,
-,call-far,0x11003ab5,0x11016118,
-,call-far,0x11003adb,0x11016110,
-,call-far,0x11003b18,0x11016118,
-,call-far,0x11003b3e,0x11016110,
-,call-far,0x11003b7d,0x11016118,
-,call-far,0x11003ba3,0x11016110,
-,call-far,0x11003bde,0x11016118,
-,call-far,0x11003c04,0x11016110,
-,call-far,0x11003c43,0x11016118,
-,call-far,0x11003c69,0x11016110,
-,call-far,0x11003caa,0x11016118,
-,call-far,0x11003cd0,0x11016110,
-,call-far,0x11003d0b,0x11016118,
-,call-far,0x11003d31,0x11016110,
-,call-far,0x11003d68,0x11016118,
-,call-far,0x11003d8e,0x11016110,
-,call-far,0x11003dc9,0x11016118,
-,call-far,0x11003def,0x11016110,
-,call-far,0x11003e30,0x11016118,
-,call-far,0x11003e56,0x11016110,
-,call-far,0x11003e91,0x11016118,
-,call-far,0x11003eb7,0x11016110,
-,call-far,0x11003ef4,0x11016118,
-,call-far,0x11003f1a,0x11016110,
-,call-far,0x11003f59,0x11016118,
-,call-far,0x11003f7f,0x11016110,
-,call-far,0x11003fbc,0x11016118,
-,call-far,0x11003fe2,0x11016110,
-,call-far,0x11004021,0x11016118,
-,call-far,0x11004047,0x11016110,
-,call-far,0x11004084,0x11016118,
-,call-far,0x110040aa,0x11016110,
-,call-far,0x110040eb,0x11016118,
-,call-far,0x11004111,0x11016110,
-,call-far,0x11004152,0x11016118,
-,call-far,0x11004178,0x11016110,
-,call-far,0x110041b7,0x11016118,
-,call-far,0x110041dd,0x11016110,
-,call-far,0x1100421c,0x11016118,
-,call-far,0x11004242,0x11016110,
-,call-far,0x11004283,0x11016118,
-,call-far,0x110042a9,0x11016110,
-,call-far,0x110042e8,0x11016118,
-,call-far,0x1100430e,0x11016110,
-,call-far,0x1100434f,0x11016118,
-,call-far,0x11004375,0x11016110,
-,call-far,0x110043b0,0x11016118,
-,call-far,0x110043d6,0x11016110,
-,call-far,0x11004411,0x11016118,
-,call-far,0x11004437,0x11016110,
-,call-far,0x11004478,0x11016118,
-,call-far,0x1100449e,0x11016110,
-,call-far,0x110044d7,0x11016118,
-,call-far,0x110044fd,0x11016110,
-,call-far,0x1100453c,0x11016118,
-,call-far,0x11004562,0x11016110,
-,call-far,0x110045a3,0x11016118,
-,call-far,0x110045c9,0x11016110,
-,call-far,0x11004604,0x11016118,
-,call-far,0x1100462a,0x11016110,
-,call-far,0x1100466b,0x11016118,
-,call-far,0x11004691,0x11016110,
-,call-far,0x110046d0,0x11016118,
-,call-far,0x110046f6,0x11016110,
-,call-far,0x11004737,0x11016118,
-,call-far,0x1100475d,0x11016110,
-,call-far,0x1100479c,0x11016118,
-,call-far,0x110047c2,0x11016110,
-,call-far,0x110047ff,0x11016118,
-,call-far,0x11004825,0x11016110,
-,call-far,0x11004866,0x11016118,
-,call-far,0x1100488c,0x11016110,
-,call-far,0x110048cb,0x11016118,
-,call-far,0x110048f1,0x11016110,
-,call-far,0x11004932,0x11016118,
-,call-far,0x11004958,0x11016110,
-,call-far,0x11004997,0x11016118,
-,call-far,0x110049bd,0x11016110,
-,call-far,0x110049f4,0x11016118,
-,call-far,0x11004a1a,0x11016110,
-,call-far,0x11004a59,0x11016118,
-,call-far,0x11004a7f,0x11016110,
-,call-far,0x11004abc,0x11016118,
-,call-far,0x11004ae2,0x11016110,
-,call-far,0x11004b21,0x11016118,
-,call-far,0x11004b47,0x11016110,
-,call-far,0x11004b86,0x11016118,
-,call-far,0x11004bac,0x11016110,
-,call-far,0x11004bed,0x11016118,
-,call-far,0x11004c13,0x11016110,
-,call-far,0x11004c50,0x11016118,
-,call-far,0x11004c76,0x11016110,
-,call-far,0x11004cb7,0x11016118,
-,call-far,0x11004cdd,0x11016110,
-,call-far,0x11004d14,0x11016118,
-,call-far,0x11004d3a,0x11016110,
-,call-far,0x11004d77,0x11016118,
-,call-far,0x11004d9d,0x11016110,
-,call-far,0x11004dde,0x11016118,
-,call-far,0x11004e04,0x11016110,
-,call-far,0x11004e43,0x11016118,
-,call-far,0x11004e69,0x11016110,
-,call-far,0x11004ea6,0x11016118,
-,call-far,0x11004ecc,0x11016110,
-,call-far,0x11004f0d,0x11016118,
-,call-far,0x11004f33,0x11016110,
-,call-far,0x11004f70,0x11016118,
-,call-far,0x11004f96,0x11016110,
-,call-far,0x11004fd3,0x11016118,
-,call-far,0x11004ff9,0x11016110,
-,call-far,0x11005038,0x11016118,
-,call-far,0x1100505e,0x11016110,
-,call-far,0x1100509e,0x11016118,
-,call-far,0x110050ca,0x11016110,
-,call-far,0x1100510b,0x11016118,
-,call-far,0x11005131,0x11016110,
-,call-far,0x11005175,0x11016118,
-,call-far,0x110051a1,0x11016110,
-,call-far,0x110051e1,0x11016118,
-,call-far,0x1100520d,0x11016110,
-,call-far,0x11005247,0x11016118,
-,call-far,0x11005273,0x11016110,
-,call-far,0x110052b3,0x11016118,
-,call-far,0x110052df,0x11016110,
-,call-far,0x11005321,0x11016118,
-,call-far,0x1100534d,0x11016110,
-,call-far,0x1100538f,0x11016118,
-,call-far,0x110053bb,0x11016110,
-,call-far,0x110053fa,0x11016118,
-,call-far,0x11005420,0x11016110,
-,call-far,0x1100545d,0x11016118,
-,call-far,0x11005483,0x11016110,
-,call-far,0x110054c5,0x11016118,
-,call-far,0x110054eb,0x11016110,
-,call-far,0x1100552b,0x11016118,
-,call-far,0x11005557,0x11016110,
-,call-far,0x11005599,0x11016118,
-,call-far,0x110055c5,0x11016110,
-,call-far,0x11005609,0x11016118,
-,call-far,0x11005635,0x11016110,
-,call-far,0x11005677,0x11016118,
-,call-far,0x110056a3,0x11016110,
-,call-far,0x110056e5,0x11016118,
-,call-far,0x11005711,0x11016110,
-,call-far,0x11005751,0x11016118,
-,call-far,0x1100577d,0x11016110,
-,call-far,0x11005816,0x11016134,
-,call-far,0x11005948,0x11016124,
-,call-far,0x11005963,0x11016124,
-,call-far,0x11005977,0x11016124,
-,call-far,0x11005987,0x11016124,
-,call-far,0x110059a3,0x11016124,
-,call-far,0x110059bc,0x11016124,
-,call-far,0x110059d0,0x11016124,
-,call-far,0x110059e2,0x11016124,
-,call-far,0x110059ef,0x11016124,
-,call-far,0x11005a10,0x11016124,
-,call-far,0x11005a21,0x11016124,
-,call-far,0x11005a38,0x11016134,
-,call-far,0x11005a49,0x11016124,
-,call-far,0x11005a56,0x11016124,
-,call-far,0x11005a7c,0x11016124,
-,call-far,0x11005a8d,0x11016124,
-,call-far,0x11005b39,0x11016124,
-,call-far,0x11005b4e,0x11016124,
-,call-far,0x11005b5f,0x11016124,
-,call-far,0x11005b72,0x11016118,
-,call-far,0x11005b9a,0x11016110,
-,call-far,0x11005bea,0x11016118,
-,call-far,0x11005c12,0x11016110,
-,call-far,0x11005c76,0x11016118,
-,call-far,0x11005ce2,0x11016110,
-,call-far,0x11005d30,0x11016110,
-,call-far,0x11005d58,0x11016110,
-,call-far,0x11005db2,0x11016110,
-,call-far,0x11005e5f,0x11016110,
-,call-far,0x11005eab,0x110160e0,
-,call-far,0x11005ee8,0x11016124,
-,call-far,0x11005f3d,0x110160e0,
-,call-far,0x11006097,0x11016110,
-,call-far,0x110060d4,0x11016110,
-,call-far,0x1100614a,0x11016108,
-,call-far,0x1100640c,0x11016124,
-,call-far,0x1100642d,0x11016124,
-,call-far,0x1100648a,0x11016124,
-,call-far,0x1100664d,0x11016108,
-,call-far,0x110068e4,0x11016110,
-,call-far,0x11006921,0x11016110,
-,call-far,0x11006a6b,0x110160fc,
-,call-far,0x11006b6f,0x11016158,
-,call-far,0x11006bfc,0x11016114,
-,call-far,0x11006c58,0x11016100,
-,call-far,0x11006c69,0x11016100,
-,call-far,0x11006c77,0x11016100,
-,call-far,0x11006c85,0x11016100,
-,call-far,0x11006cd0,0x11016110,
-,call-far,0x11006cde,0x11016110,
-,call-far,0x11006cec,0x11016110,
-,call-far,0x11006cfd,0x11016110,
-,call-far,0x11006d4f,0x11016100,
-,call-far,0x11006d62,0x11016100,
-,call-far,0x11006d70,0x11016100,
-,call-far,0x11006d7e,0x11016100,
-,call-far,0x11006d93,0x110160f8,
-,call-far,0x11006d9f,0x110160f8,
-,call-far,0x11006dac,0x110160f8,
-,call-far,0x11006db9,0x110160f8,
-,call-far,0x11006fb9,0x11016124,
-,call-far,0x11006fc9,0x11016124,
-,call-far,0x1100700d,0x11016124,
-,call-far,0x1100701d,0x11016124,
-,call-far,0x1100705d,0x11016124,
-,call-far,0x1100706d,0x11016124,
-,call-far,0x1100715c,0x11016124,
-,call-far,0x11007178,0x11016124,
-,call-far,0x11007189,0x11016124,
-,call-far,0x110071d4,0x11016200,
-,call-far,0x110071e0,0x11016124,
-,call-far,0x110071f1,0x11016124,
-,call-far,0x11007205,0x11016134,
-,call-far,0x11007216,0x11016124,
-,call-far,0x11007227,0x11016124,
-,call-far,0x110072dd,0x11016124,
-,call-far,0x110072ee,0x11016124,
-,call-far,0x1100730c,0x11016134,
-,call-far,0x1100736b,0x11016124,
-,call-far,0x1100737c,0x11016124,
-,call-far,0x1100739a,0x11016134,
-,call-far,0x11007423,0x11016134,
-,call-far,0x11007562,0x11016118,
-,call-far,0x1100758e,0x11016110,
-,call-far,0x110075c5,0x11016118,
-,call-far,0x110075eb,0x11016110,
-,call-far,0x11007626,0x11016118,
-,call-far,0x1100764c,0x11016110,
-,call-far,0x1100768b,0x11016118,
-,call-far,0x110076b1,0x11016110,
-,call-far,0x110076ee,0x11016118,
-,call-far,0x11007714,0x11016110,
-,call-far,0x11007755,0x11016118,
-,call-far,0x1100777b,0x11016110,
-,call-far,0x110077bc,0x11016118,
-,call-far,0x110077e2,0x11016110,
-,call-far,0x1100781d,0x11016118,
-,call-far,0x11007843,0x11016110,
-,call-far,0x1100787e,0x11016118,
-,call-far,0x110078a4,0x11016110,
-,call-far,0x110078dd,0x11016118,
-,call-far,0x11007906,0x11016110,
-,call-far,0x11007943,0x11016118,
-,call-far,0x11007969,0x11016110,
-,call-far,0x110079aa,0x11016118,
-,call-far,0x110079d0,0x11016110,
-,call-far,0x11007a0f,0x11016118,
-,call-far,0x11007a35,0x11016110,
-,call-far,0x11007a6c,0x11016118,
-,call-far,0x11007a92,0x11016110,
-,call-far,0x11007acf,0x11016118,
-,call-far,0x11007af5,0x11016110,
-,call-far,0x11007b32,0x11016118,
-,call-far,0x11007b58,0x11016110,
-,call-far,0x11007b97,0x11016118,
-,call-far,0x11007bbd,0x11016110,
-,call-far,0x11007bfc,0x11016118,
-,call-far,0x11007c22,0x11016110,
-,call-far,0x11007c63,0x11016118,
-,call-far,0x11007c89,0x11016110,
-,call-far,0x11007cc6,0x11016118,
-,call-far,0x11007cec,0x11016110,
-,call-far,0x11007d29,0x11016118,
-,call-far,0x11007d4f,0x11016110,
-,call-far,0x11007d88,0x11016118,
-,call-far,0x11007dae,0x11016110,
-,call-far,0x11007ded,0x11016118,
-,call-far,0x11007e13,0x11016110,
-,call-far,0x11007e52,0x11016118,
-,call-far,0x11007e78,0x11016110,
-,call-far,0x11007eb3,0x11016118,
-,call-far,0x11007ed9,0x11016110,
-,call-far,0x11007f12,0x11016118,
-,call-far,0x11007f38,0x11016110,
-,call-far,0x11007f79,0x11016118,
-,call-far,0x11007f9f,0x11016110,
-,call-far,0x11007fdc,0x11016118,
-,call-far,0x11008002,0x11016110,
-,call-far,0x1100803f,0x11016118,
-,call-far,0x11008065,0x11016110,
-,call-far,0x1100809e,0x11016118,
-,call-far,0x110080c4,0x11016110,
-,call-far,0x110080fd,0x11016118,
-,call-far,0x11008123,0x11016110,
-,call-far,0x1100815a,0x11016118,
-,call-far,0x11008180,0x11016110,
-,call-far,0x110081c1,0x11016118,
-,call-far,0x110081e7,0x11016110,
-,call-far,0x11008228,0x11016118,
-,call-far,0x1100824e,0x11016110,
-,call-far,0x1100828f,0x11016118,
-,call-far,0x110082b5,0x11016110,
-,call-far,0x110082f6,0x11016118,
-,call-far,0x1100831c,0x11016110,
-,call-far,0x1100835b,0x11016118,
-,call-far,0x11008381,0x11016110,
-,call-far,0x110083c2,0x11016118,
-,call-far,0x110083e8,0x11016110,
-,call-far,0x11008427,0x11016118,
-,call-far,0x1100844d,0x11016110,
-,call-far,0x1100848e,0x11016118,
-,call-far,0x110084b4,0x11016110,
-,call-far,0x110084f5,0x11016118,
-,call-far,0x1100851b,0x11016110,
-,call-far,0x11008556,0x11016118,
-,call-far,0x1100857c,0x11016110,
-,call-far,0x110085b9,0x11016118,
-,call-far,0x110085df,0x11016110,
-,call-far,0x1100861e,0x11016118,
-,call-far,0x11008644,0x11016110,
-,call-far,0x1100867f,0x11016118,
-,call-far,0x110086a5,0x11016110,
-,call-far,0x110086e4,0x11016118,
-,call-far,0x1100870a,0x11016110,
-,call-far,0x1100873f,0x11016118,
-,call-far,0x11008765,0x11016110,
-,call-far,0x110087ac,0x11016118,
-,call-far,0x110087d2,0x11016110,
-,call-far,0x11008813,0x11016118,
-,call-far,0x11008839,0x11016110,
-,call-far,0x11008874,0x11016118,
-,call-far,0x1100889a,0x11016110,
-,call-far,0x110088d9,0x11016118,
-,call-far,0x110088ff,0x11016110,
-,call-far,0x1100893e,0x11016118,
-,call-far,0x11008964,0x11016110,
-,call-far,0x110089a5,0x11016118,
-,call-far,0x110089cb,0x11016110,
-,call-far,0x11008a0a,0x11016118,
-,call-far,0x11008a30,0x11016110,
-,call-far,0x11008a71,0x11016118,
-,call-far,0x11008a97,0x11016110,
-,call-far,0x11008ad6,0x11016118,
-,call-far,0x11008afc,0x11016110,
-,call-far,0x11008b33,0x11016118,
-,call-far,0x11008b59,0x11016110,
-,call-far,0x11008b96,0x11016118,
-,call-far,0x11008bbc,0x11016110,
-,call-far,0x11008bf7,0x11016118,
-,call-far,0x11008c1d,0x11016110,
-,call-far,0x11008c5c,0x11016118,
-,call-far,0x11008c82,0x11016110,
-,call-far,0x11008cbf,0x11016118,
-,call-far,0x11008ce5,0x11016110,
-,call-far,0x11008d2a,0x11016118,
-,call-far,0x11008d50,0x11016110,
-,call-far,0x11008d8b,0x11016118,
-,call-far,0x11008db1,0x11016110,
-,call-far,0x11008dee,0x11016118,
-,call-far,0x11008e14,0x11016110,
-,call-far,0x11008e58,0x11016118,
-,call-far,0x11008e84,0x11016110,
-,call-far,0x11008ec1,0x11016118,
-,call-far,0x11008ee7,0x11016110,
-,call-far,0x11008f2b,0x11016118,
-,call-far,0x11008f57,0x11016110,
-,call-far,0x11008f9f,0x11016118,
-,call-far,0x11008fcb,0x11016110,
-,call-far,0x1100900b,0x11016118,
-,call-far,0x11009037,0x11016110,
-,call-far,0x11009077,0x11016118,
-,call-far,0x110090a3,0x11016110,
-,call-far,0x110090e7,0x11016118,
-,call-far,0x11009113,0x11016110,
-,call-far,0x1100915f,0x11016118,
-,call-far,0x1100918b,0x11016110,
-,call-far,0x110091c9,0x11016118,
-,call-far,0x110091f5,0x11016110,
-,call-far,0x11009237,0x11016118,
-,call-far,0x11009263,0x11016110,
-,call-far,0x110092a7,0x11016118,
-,call-far,0x110092d3,0x11016110,
-,call-far,0x11009315,0x11016118,
-,call-far,0x11009341,0x11016110,
-,call-far,0x1100937d,0x11016118,
-,call-far,0x110093a9,0x11016110,
-,call-far,0x110093e9,0x11016118,
-,call-far,0x11009415,0x11016110,
-,call-far,0x11009451,0x11016118,
-,call-far,0x1100947d,0x11016110,
-,call-far,0x110094b9,0x11016118,
-,call-far,0x110094e5,0x11016110,
-,call-far,0x11009525,0x11016118,
-,call-far,0x11009551,0x11016110,
-,call-far,0x1100958d,0x11016118,
-,call-far,0x110095b9,0x11016110,
-,call-far,0x110095f5,0x11016118,
-,call-far,0x11009621,0x11016110,
-,call-far,0x1100965b,0x11016118,
-,call-far,0x11009687,0x11016110,
-,call-far,0x110096c5,0x11016118,
-,call-far,0x110096f1,0x11016110,
-,call-far,0x11009731,0x11016118,
-,call-far,0x1100975d,0x11016110,
-,call-far,0x11009799,0x11016118,
-,call-far,0x110097c5,0x11016110,
-,call-far,0x11009801,0x11016118,
-,call-far,0x1100982d,0x11016110,
-,call-far,0x1100986d,0x11016118,
-,call-far,0x11009899,0x11016110,
-,call-far,0x110098d3,0x11016118,
-,call-far,0x110098ff,0x11016110,
-,call-far,0x1100993d,0x11016118,
-,call-far,0x11009969,0x11016110,
-,call-far,0x110099a7,0x11016118,
-,call-far,0x110099d3,0x11016110,
-,call-far,0x11009a17,0x11016118,
-,call-far,0x11009a43,0x11016110,
-,call-far,0x11009a81,0x11016118,
-,call-far,0x11009aad,0x11016110,
-,call-far,0x11009aeb,0x11016118,
-,call-far,0x11009b17,0x11016110,
-,call-far,0x11009b57,0x11016118,
-,call-far,0x11009b83,0x11016110,
-,call-far,0x11009bc5,0x11016118,
-,call-far,0x11009bf1,0x11016110,
-,call-far,0x11009c2b,0x11016118,
-,call-far,0x11009c57,0x11016110,
-,call-far,0x11009c99,0x11016118,
-,call-far,0x11009cc5,0x11016110,
-,call-far,0x11009cff,0x11016118,
-,call-far,0x11009d2b,0x11016110,
-,call-far,0x11009d70,0x11016118,
-,call-far,0x11009d96,0x11016110,
-,call-far,0x11009dd5,0x11016118,
-,call-far,0x11009dfb,0x11016110,
-,call-far,0x11009e39,0x11016118,
-,call-far,0x11009e65,0x11016110,
-,call-far,0x11009ea5,0x11016118,
-,call-far,0x11009ed1,0x11016110,
-,call-far,0x11009f0d,0x11016118,
-,call-far,0x11009f39,0x11016110,
-,call-far,0x11009f7d,0x11016118,
-,call-far,0x11009fa9,0x11016110,
-,call-far,0x11009fe9,0x11016118,
-,call-far,0x1100a015,0x11016110,
-,call-far,0x1100a059,0x11016118,
-,call-far,0x1100a085,0x11016110,
-,call-far,0x1100a0c9,0x11016118,
-,call-far,0x1100a0f5,0x11016110,
-,call-far,0x1100a135,0x11016118,
-,call-far,0x1100a161,0x11016110,
-,call-far,0x1100a19d,0x11016118,
-,call-far,0x1100a1c9,0x11016110,
-,call-far,0x1100a211,0x11016118,
-,call-far,0x1100a23d,0x11016110,
-,call-far,0x1100a287,0x11016118,
-,call-far,0x1100a2b3,0x11016110,
-,call-far,0x1100a2f1,0x11016118,
-,call-far,0x1100a31d,0x11016110,
-,call-far,0x1100a357,0x11016118,
-,call-far,0x1100a383,0x11016110,
-,call-far,0x1100a3c3,0x11016118,
-,call-far,0x1100a3ef,0x11016110,
-,call-far,0x1100a439,0x11016118,
-,call-far,0x1100a465,0x11016110,
-,call-far,0x1100a4a7,0x11016118,
-,call-far,0x1100a4d3,0x11016110,
-,call-far,0x1100a513,0x11016118,
-,call-far,0x1100a53f,0x11016110,
-,call-far,0x1100a583,0x11016118,
-,call-far,0x1100a5af,0x11016110,
-,call-far,0x1100a5ef,0x11016118,
-,call-far,0x1100a61b,0x11016110,
-,call-far,0x1100a659,0x11016118,
-,call-far,0x1100a685,0x11016110,
-,call-far,0x1100a6c1,0x11016118,
-,call-far,0x1100a6ed,0x11016110,
-,call-far,0x1100a72b,0x11016118,
-,call-far,0x1100a757,0x11016110,
-,call-far,0x1100a791,0x11016118,
-,call-far,0x1100a7bd,0x11016110,
-,call-far,0x1100a7f7,0x11016118,
-,call-far,0x1100a823,0x11016110,
-,call-far,0x1100a86d,0x11016118,
-,call-far,0x1100a899,0x11016110,
-,call-far,0x1100a8d5,0x11016118,
-,call-far,0x1100a901,0x11016110,
-,call-far,0x1100a93f,0x11016118,
-,call-far,0x1100a96b,0x11016110,
-,call-far,0x1100a9a9,0x11016118,
-,call-far,0x1100a9d5,0x11016110,
-,call-far,0x1100aa17,0x11016118,
-,call-far,0x1100aa43,0x11016110,
-,call-far,0x1100aa81,0x11016118,
-,call-far,0x1100aaad,0x11016110,
-,call-far,0x1100aaef,0x11016118,
-,call-far,0x1100ab1b,0x11016110,
-,call-far,0x1100ab5f,0x11016118,
-,call-far,0x1100ab8b,0x11016110,
-,call-far,0x1100abd3,0x11016118,
-,call-far,0x1100abff,0x11016110,
-,call-far,0x1100ac3f,0x11016118,
-,call-far,0x1100ac6b,0x11016110,
-,call-far,0x1100acaf,0x11016118,
-,call-far,0x1100acdb,0x11016110,
-,call-far,0x1100ade1,0x11016124,
-,call-far,0x1100ae82,0x11016110,
-,call-far,0x1100aee0,0x11016124,
-,call-far,0x1100aef4,0x11016124,
-,call-far,0x1100af31,0x11016124,
-,call-far,0x1100af43,0x11016124,
-,call-far,0x1100af68,0x11016124,
-,call-far,0x1100afb0,0x11016124,
-,call-far,0x1100afcf,0x11016124,
-,call-far,0x1100afe5,0x11016124,
-,call-far,0x1100b4b5,0x11016158,
-,call-far,0x1100b514,0x110160f8,
-,call-far,0x1100b669,0x110160f8,
-,call-far,0x1100b673,0x110160f8,
-,call-far,0x1100b680,0x110160f8,
-,call-far,0x1100b68d,0x110160f8,
-,call-far,0x1100b6bb,0x110160f8,
-,call-far,0x1100b6c8,0x110160f8,
-,call-far,0x1100b6d5,0x110160f8,
-,call-far,0x1100b6e2,0x110160f8,
-,call-far,0x1100b722,0x110160f8,
-,call-far,0x1100b72f,0x110160f8,
-,call-far,0x1100b73c,0x110160f8,
-,call-far,0x1100b749,0x110160f8,
-,call-far,0x1100b81a,0x11016138,
-,call-far,0x1100b914,0x11016204,
-,call-far,0x1100bac0,0x11016144,
-,call-far,0x1100bb86,0x11016148,
-,call-far,0x1100bbb9,0x1101614c,
-,call-far,0x1100bc4a,0x11016130,
-,call-far,0x1100bc96,0x1101608c,
-,call-far,0x1100bcea,0x11016098,
-,call-far,0x1100bcf9,0x1101609c,
-,call-far,0x1100bd07,0x110160d8,
-,call-far,0x1100bdf7,0x11016094,
-,call-far,0x1100be6d,0x11016130,
-,call-far,0x1100bf58,0x11016130,
-,call-far,0x1100c09c,0x11016140,
-,call-far,0x1100c0ab,0x11016130,
-,call-far,0x1100c29f,0x11016054,
-,call-far,0x1100c36f,0x11016154,
-,call-far,0x1100c3f3,0x1101612c,
-,call-far,0x1100c421,0x110161e8,
-,call-far,0x1100c47b,0x1101600c,
-,call-far,0x1100c4a8,0x11016014,
-,call-far,0x1100c4c6,0x1101601c,
-,call-far,0x1100c4d3,0x11016018,
-,call-far,0x1100c500,0x11016020,
-,call-far,0x1100c509,0x11016028,
-,call-far,0x1100c512,0x1101602c,
-,call-far,0x1100c51f,0x11016030,
-,call-far,0x1100c58e,0x1101615c,
-,call-far,0x1100c5ea,0x11016160,
-,call-far,0x1100c61d,0x11016160,
-,call-far,0x1100c65b,0x11016124,
-,call-far,0x1100c6eb,0x11016124,
-,call-far,0x1100c726,0x11016124,
-,call-far,0x1100c73a,0x11016124,
-,call-far,0x1100c78e,0x11016124,
-,call-far,0x1100c7a2,0x11016124,
-,call-far,0x1100c7dd,0x11016124,
-,call-far,0x1100c7ef,0x11016124,
-,call-far,0x1100c814,0x11016124,
-,call-far,0x1100cb75,0x11016158,
-,call-far,0x1100cc98,0x11016044,
-,call-far,0x1100cd2a,0x11016044,
-,call-far,0x1100cd3b,0x11016010,
-,call-far,0x1100cd4d,0x11016010,
-,call-far,0x1100cd77,0x11016034,
-,call-far,0x1100cd85,0x11016038,
-,call-far,0x1100cda8,0x1101603c,
-,call-far,0x1100cdb5,0x11016038,
-,call-far,0x1100cdd7,0x11016040,
-,call-far,0x1100cde4,0x11016038,
-,call-far,0x1100cede,0x11016110,
-,call-far,0x1100cf18,0x11016044,
-,call-far,0x1100d00d,0x11016164,
-,call-far,0x1100d04e,0x11016048,
-,call-far,0x1100d060,0x11016118,
-,call-far,0x1100d08a,0x11016110,
-,call-far,0x1100d127,0x1101604c,
-,call-far,0x1100d1a0,0x11016050,
-,call-far,0x1100d243,0x1101600c,
-,call-far,0x1100d298,0x11016164,
-,call-far,0x1100d2d9,0x11016048,
-,call-far,0x1100d2eb,0x11016118,
-,call-far,0x1100d319,0x11016110,
-,call-far,0x1100d363,0x11016050,
-,call-far,0x1100d37d,0x11016008,
-,call-far,0x1100d3a0,0x1101612c,
-,call-far,0x1100d3c3,0x11016160,
-,call-far,0x1100d3f1,0x11016160,
-,call-far,0x1100d47d,0x11016164,
-,call-far,0x1100d4bc,0x11016048,
-,call-far,0x1100d4ce,0x11016118,
-,call-far,0x1100d4f6,0x11016110,
-,call-far,0x1100d6d2,0x11016058,
-,call-far,0x1100d7b2,0x11016058,
-,call-far,0x1100d8a1,0x1101605c,
-,call-far,0x1100d935,0x11016208,
-,call-far,0x1100d948,0x11016134,
-,call-far,0x1100d96c,0x11016200,
-,call-far,0x1100d983,0x11016124,
-,call-far,0x1100d997,0x11016124,
-,call-far,0x1100d9ab,0x11016124,
-,call-far,0x1100d9d7,0x11016124,
-,call-far,0x1100dbae,0x1101602c,
-,call-far,0x1100dcfb,0x1101602c,
-,call-far,0x1100dedc,0x11016060,
-,call-far,0x1100df03,0x11016020,
-,call-far,0x1100df66,0x11016030,
-,call-far,0x1100e0bb,0x1101611c,
-,call-far,0x1100e0d1,0x110160f4,
-,call-far,0x1100e20b,0x110160ec,
-,call-far,0x1100e227,0x11016114,
-,call-far,0x1100e3a0,0x11016124,
-,call-far,0x1100e3b8,0x11016124,
-,call-far,0x1100e3c9,0x11016124,
-,call-far,0x1100e4c0,0x11016014,
-,call-far,0x1100e621,0x11016010,
-,call-far,0x1100e716,0x11016170,
-,call-far,0x1100e726,0x11016168,
-,call-far,0x1100e88a,0x11016124,
-,call-far,0x1100e8c6,0x11016124,
-,call-far,0x1100e8da,0x11016124,
-,call-far,0x1100e93e,0x11016124,
-,call-far,0x1100e952,0x11016124,
-,call-far,0x1100e98d,0x11016124,
-,call-far,0x1100e99f,0x11016124,
-,call-far,0x1100e9c5,0x11016124,
-,call-far,0x1100ea00,0x11016124,
-,call-far,0x1100ea1f,0x11016124,
-,call-far,0x1100ea35,0x11016124,
-,call-far,0x1100ea95,0x11016114,
-,call-far,0x1100ead3,0x11016114,
-,call-far,0x1100eb4a,0x11016114,
-,call-far,0x1100ede3,0x110160f0,
-,call-far,0x1100ee67,0x110160f0,
-,call-far,0x1100ee88,0x11016114,
-,call-far,0x1100eee9,0x11016158,
-,call-far,0x1100ef22,0x1101610c,
-,call-far,0x1100f02d,0x1101610c,
-,call-far,0x1100f053,0x11016114,
-,call-far,0x1100f0a2,0x110160f0,
-,call-far,0x1100f0e9,0x110160f0,
-,call-far,0x1100f156,0x1101610c,
-,call-far,0x1100f183,0x11016114,
-,call-far,0x1100f1fa,0x11016048,
-,call-far,0x1100f2fb,0x11016124,
-,call-far,0x1100f30b,0x11016124,
-,call-far,0x1100f31b,0x11016124,
-,call-far,0x1100f3bd,0x1101612c,
-,call-far,0x1100f42d,0x11016160,
-,call-far,0x1100f503,0x11016124,
-,call-far,0x1100f517,0x11016124,
-,call-far,0x1100f766,0x11016048,
-,call-far,0x1100f775,0x110160e4,
-,call-far,0x1100f79d,0x110160e4,
-,call-far,0x1100f7ac,0x110160e4,
-,call-far,0x1100f7bb,0x110160e4,
-,call-far,0x1100f7ca,0x110160e4,
-,call-far,0x1100f88f,0x11016124,
-,call-far,0x1100f8aa,0x11016124,
-,call-far,0x1100f8ba,0x11016124,
-,call-far,0x1100f935,0x11016124,
-,call-far,0x1100f988,0x1101604c,
-,call-far,0x1100f9a8,0x11016110,
-,call-far,0x1100fb01,0x11016124,
-,call-far,0x1100fb26,0x11016124,
-,call-far,0x1100fb36,0x11016124,
-,call-far,0x1100fb48,0x11016124,
-,call-far,0x1100fb55,0x11016124,
-,call-far,0x1100fbad,0x11016124,
-,call-far,0x1100fbba,0x11016124,
-,call-far,0x1100fbe4,0x11016200,
-,call-far,0x1100fc21,0x11016118,
-,call-far,0x1100fc8e,0x11016118,
-,call-far,0x1100fcd1,0x11016124,
-,call-far,0x1100fd07,0x11016044,
-,call-far,0x1100fd20,0x11016010,
-,call-far,0x1100fd3a,0x11016010,
-,call-far,0x1100fd52,0x11016110,
-,call-far,0x1100fd72,0x11016110,
-,call-far,0x1100fdbd,0x11016124,
-,call-far,0x1100fdca,0x11016124,
-,call-far,0x1100fdf6,0x11016124,
-,call-far,0x1100fe0a,0x11016124,
-,call-far,0x1100fe49,0x11016068,
-,call-far,0x1100fe6a,0x1101604c,
-,call-far,0x1100fe92,0x11016110,
-,call-far,0x1100ff82,0x11016010,
-,call-far,0x11010000,0x1101606c,
-,call-far,0x110100db,0x11016124,
-,call-far,0x110100eb,0x11016124,
-,call-far,0x110100fa,0x11016124,
-,call-far,0x1101021e,0x11016078,
-,call-far,0x11010237,0x1101607c,
-,call-far,0x11010272,0x1101607c,
-,call-far,0x110102d3,0x1101607c,
-,call-far,0x11010459,0x11016078,
-,call-far,0x1101049c,0x1101607c,
-,call-far,0x11010509,0x11016210,
-,call-far,0x11010683,0x1101607c,
-,call-far,0x110106de,0x11016124,
-,call-far,0x11010725,0x11016124,
-,call-far,0x11010734,0x11016124,
-,call-far,0x110107e2,0x11016174,
-,call-far,0x11010823,0x11016124,
-,call-far,0x1101083b,0x11016124,
-,call-far,0x1101085e,0x11016124,
-,call-far,0x11010875,0x11016124,
-,call-far,0x11010882,0x11016124,
-,call-far,0x11010897,0x11016124,
-,call-far,0x110108a4,0x11016124,
-,call-far,0x110108c4,0x11016124,
-,call-far,0x110108d1,0x11016124,
-,call-far,0x110109dd,0x11016174,
-,call-far,0x11010a2e,0x11016124,
-,call-far,0x11010a48,0x11016124,
-,call-far,0x11010a63,0x11016124,
-,call-far,0x11010a7c,0x11016124,
-,call-far,0x11010a8c,0x11016124,
-,call-far,0x11010aa4,0x11016124,
-,call-far,0x11010ac4,0x11016124,
-,call-far,0x11010ad2,0x11016124,
-,call-far,0x11010ae3,0x11016124,
-,call-far,0x11010b03,0x11016124,
-,call-far,0x11010b14,0x11016124,
-,call-far,0x11010b2c,0x11016124,
-,call-far,0x11010b3d,0x11016124,
-,call-far,0x11010b61,0x11016124,
-,call-far,0x11010ba7,0x11016124,
-,call-far,0x11010c0f,0x11016124,
-,call-far,0x11010c28,0x11016124,
-,call-far,0x11010c38,0x11016124,
-,call-far,0x11010c6b,0x11016124,
-,call-far,0x11010d16,0x11016124,
-,call-far,0x11010d2e,0x11016124,
-,call-far,0x11010d53,0x11016124,
-,call-far,0x11010e94,0x11016124,
-,call-far,0x11010ea8,0x11016124,
-,call-far,0x11010eb8,0x11016124,
-,call-far,0x11010ec8,0x11016124,
-,call-far,0x11010ed5,0x11016124,
-,call-far,0x1101114e,0x11016124,
-,call-far,0x1101115e,0x11016124,
-,call-far,0x1101117b,0x11016124,
-,call-far,0x110111d2,0x11016108,
-,call-far,0x11011249,0x11016158,
-,call-far,0x110112eb,0x11016108,
-,call-far,0x11011708,0x11016178,
-,call-far,0x1101177c,0x11016088,
-,call-far,0x110117e6,0x11016070,
-,call-far,0x1101195b,0x11016088,
-,call-far,0x11011c14,0x11016078,
-,call-far,0x11011c34,0x1101607c,
-,call-far,0x11011c5b,0x11016078,
-,call-far,0x11011c6b,0x1101607c,
-,call-far,0x11011c8b,0x11016124,
-,call-far,0x11011ceb,0x1101607c,
-,call-far,0x11011e51,0x11016140,
-,call-far,0x11011e7c,0x11016140,
-,call-far,0x11011eba,0x11016140,
-,call-far,0x11011ee6,0x11016140,
-,call-far,0x11011f4c,0x11016108,
-,call-far,0x11011fc9,0x11016158,
-,call-far,0x1101209f,0x11016158,
-,call-far,0x110120d4,0x11016070,
-,call-far,0x110120e1,0x11016074,
-,call-far,0x1101268a,0x11016078,
-,call-far,0x110126ac,0x1101607c,
-,call-far,0x110126d0,0x1101607c,
-,call-far,0x11012740,0x11016078,
-,call-far,0x11012778,0x11016078,
-,call-far,0x110127a3,0x11016078,
-,call-far,0x110127ce,0x11016078,
-,call-far,0x110127fa,0x1101607c,
-,call-far,0x11012e2f,0x11016158,
-,call-far,0x11012e7f,0x11016158,
-,call-far,0x11012f27,0x11016084,
-,call-far,0x11012fa4,0x11016070,
-,call-far,0x11013003,0x11016084,
-,call-far,0x1101302f,0x11016074,
-,call-far,0x1101304b,0x11016078,
-,call-far,0x11013067,0x1101607c,
-,call-far,0x1101307f,0x1101607c,
-,call-far,0x110130e1,0x11016090,
-,call-far,0x110130f5,0x110160a8,
-,call-far,0x11013112,0x110160ac,
-,call-far,0x1101314c,0x110160b0,
-,call-far,0x11013163,0x110160b4,
-,call-far,0x11013345,0x11016190,
-,call-far,0x11013580,0x1101619c,
-,call-far,0x11013589,0x11016188,
-,call-far,0x11013629,0x1101606c,
-,call-far,0x1101369d,0x110160bc,
-,call-far,0x110136fe,0x1101606c,
-,call-far,0x11013769,0x110161a0,
-,call-far,0x1101377a,0x110161a0,
-,call-far,0x110137b8,0x11016160,
-,call-far,0x110137bf,0x110161a0,
-,call-far,0x110137dd,0x110160bc,
-,call-far,0x11013a65,0x110160d0,
-,call-far,0x11013a7a,0x110160cc,
-,call-far,0x11013a85,0x110160c8,
-,call-far,0x11013aa1,0x1101601c,
-,call-far,0x11013aa8,0x110160c4,
-,call-far,0x11013cbd,0x110160a0,
-,call-far,0x11013cc9,0x1101600c,
-,call-far,0x11013cd1,0x11016080,
-,call-far,0x11013cd9,0x110160a4,
-,call-far,0x11013ce5,0x110160d4,
-,call-far,0x11015839,0x110160b8,
