Address,Destination
0x10816000,699C1EB0
0x10816004,00000000
0x10816008,024C0000
0x1081600C,76CC3100
0x10816010,76CC3150
0x10816014,024C01C3
0x10816018,76CC3160
0x1081601C,76CC30F0
0x10816020,024C02B4
0x10816024,76CC3600
0x10816028,024C0518
0x1081602C,76CC3340
0x10816030,024C058B
0x10816034,76CC33B0
0x10816038,76CBE2B0
0x1081603C,024C0618
0x10816040,024C06D1
0x10816044,024C079D
0x10816048,024C08B3
0x1081604C,024C09DF
0x10816050,024C0A9C
0x10816054,024C0BC9
0x10816058,024C0C5C
0x1081605C,024C0CDA
0x10816060,76CC31D0
0x10816064,76CC32F0
0x10816068,76CB5120
0x1081606C,76CC11A0
0x10816070,024C0E2D
0x10816074,024D0000
0x10816078,77BE00C0
0x1081607C,77BDE8C0
0x10816080,024D067F
0x10816084,76CC0850
0x10816088,76CBE240
0x1081608C,024D06C9
0x10816090,024D078B
0x10816094,024D085A
0x10816098,024D08ED
0x1081609C,024D0974
0x108160A0,76CBF630
0x108160A4,024D0A8C
0x108160A8,77BE6080
0x108160AC,024D0B87
0x108160B0,024E0000
0x108160B4,024E0494
0x108160B8,76CBF620
0x108160BC,024E0E1B
0x108160C0,024F0000
0x108160C4,024F017C
0x108160C8,024F0226
0x108160CC,024F0300
0x108160D0,76CC2370
0x108160D4,024F03DC
0x108160D8,024F04DF
0x108160DC,00000000
0x108160E0,63175B67
0x108160E4,63178B0F
0x108160E8,63175B07
0x108160EC,631672B6
0x108160F0,631675A3
0x108160F4,63165F90
0x108160F8,63179BB2
0x108160FC,63178DBF
0x10816100,63176059
0x10816104,63179BD2
0x10816108,63167149
0x1081610C,63167286
0x10816110,63176075
0x10816114,63165EBB
0x10816118,63178A4B
0x1081611C,63165E81
0x10816120,00000000
0x10816124,678ACCC9
0x10816128,6789BF24
0x1081612C,678A3D3F
0x10816130,678769A3
0x10816134,67899E36
0x10816138,67874DE4
0x1081613C,678A3F23
0x10816140,67876A25
0x10816144,67877364
0x10816148,67874F2F
0x1081614C,6787524A
0x10816150,678B19D7
0x10816154,6787722A
0x10816158,6789BF3A
0x1081615C,67877887
0x10816160,678A3B4E
0x10816164,67899405
0x10816168,678993CA
0x1081616C,6787BEB0
0x10816170,67876D0A
0x10816174,678B47AE
0x10816178,678634CD
0x1081617C,6787B680
0x10816180,67862E16
0x10816184,678ACEB7
0x10816188,67863582
0x1081618C,67862EFA
0x10816190,678ACE5A
0x10816194,67863607
0x10816198,6789BE7B
0x1081619C,678A374D
0x108161A0,678635F9
0x108161A4,678621EE
0x108161A8,67862211
0x108161AC,67862157
0x108161B0,678DC618
0x108161B4,678AD0ED
0x108161B8,678B1850
0x108161BC,678B1661
0x108161C0,6789C32F
0x108161C4,6789C733
0x108161C8,6789C076
0x108161CC,6789C091
0x108161D0,6789BFB4
0x108161D4,678A3E99
0x108161D8,678A3F03
0x108161DC,6789DF18
0x108161E0,6789DB6E
0x108161E4,6787AE20
0x108161E8,678A6415
0x108161EC,00000000
0x108161F0,765216D0
0x108161F4,765213A0
0x108161F8,765213C0
0x108161FC,00000000
0x10816200,765D5370
0x10816204,765D63C0
0x10816208,765D5490
0x1081620C,00000000
0x10816210,024F05D4
0x10816214,00000000
0x10816218,750B15E0
0x1081621C,750B15C0
0x10816220,750B1560
0x10816224,00000000
0x10816228,694438D0
0x1081622C,69443C00
