Address,Destination
0x10016000,699C1EB0
0x10016004,00000000
0x10016008,02130000
0x1001600C,76CC3100
0x10016010,76CC3150
0x10016014,021301D5
0x10016018,76CC3160
0x1001601C,76CC30F0
0x10016020,02130278
0x10016024,76CC3600
0x10016028,021304C5
0x1001602C,76CC3340
0x10016030,02130552
0x10016034,76CC33B0
0x10016038,76CBE2B0
0x1001603C,021305E1
0x10016040,021306A0
0x10016044,02130755
0x10016048,021307CB
0x1001604C,021308AA
0x10016050,021309B2
0x10016054,02130A83
0x10016058,02130BAA
0x1001605C,02130C83
0x10016060,76CC31D0
0x10016064,76CC32F0
0x10016068,76CB5120
0x1001606C,76CC11A0
0x10016070,02130DA9
0x10016074,02140000
0x10016078,77BE00C0
0x1001607C,77BDE8C0
0x10016080,021406A8
0x10016084,76CC0850
0x10016088,76CBE240
0x1001608C,021406DF
0x10016090,02140831
0x10016094,021408D7
0x10016098,0214098C
0x1001609C,02140A23
0x100160A0,76CBF630
0x100160A4,02140AF6
0x100160A8,77BE6080
0x100160AC,02140B58
0x100160B0,02150000
0x100160B4,02150533
0x100160B8,76CBF620
0x100160BC,02150EA3
0x100160C0,02160000
0x100160C4,0216016D
0x100160C8,02160220
0x100160CC,02160388
0x100160D0,76CC2370
0x100160D4,02160440
0x100160D8,02160532
0x100160DC,00000000
0x100160E0,66CD5B67
0x100160E4,66CD8B0F
0x100160E8,66CD5B07
0x100160EC,66CC72B6
0x100160F0,66CC75A3
0x100160F4,66CC5F90
0x100160F8,66CD9BB2
0x100160FC,66CD8DBF
0x10016100,66CD6059
0x10016104,66CD9BD2
0x10016108,66CC7149
0x1001610C,66CC7286
0x10016110,66CD6075
0x10016114,66CC5EBB
0x10016118,66CD8A4B
0x1001611C,66CC5E81
0x10016120,00000000
0x10016124,678BCCC9
0x10016128,678ABF24
0x1001612C,678B3D3F
0x10016130,678869A3
0x10016134,678A9E36
0x10016138,67884DE4
0x1001613C,678B3F23
0x10016140,67886A25
0x10016144,67887364
0x10016148,67884F2F
0x1001614C,6788524A
0x10016150,678C19D7
0x10016154,6788722A
0x10016158,678ABF3A
0x1001615C,67887887
0x10016160,678B3B4E
0x10016164,678A9405
0x10016168,678A93CA
0x1001616C,6788BEB0
0x10016170,67886D0A
0x10016174,678C47AE
0x10016178,678734CD
0x1001617C,6788B680
0x10016180,67872E16
0x10016184,678BCEB7
0x10016188,67873582
0x1001618C,67872EFA
0x10016190,678BCE5A
0x10016194,67873607
0x10016198,678ABE7B
0x1001619C,678B374D
0x100161A0,678735F9
0x100161A4,678721EE
0x100161A8,67872211
0x100161AC,67872157
0x100161B0,678EC618
0x100161B4,678BD0ED
0x100161B8,678C1850
0x100161BC,678C1661
0x100161C0,678AC32F
0x100161C4,678AC733
0x100161C8,678AC076
0x100161CC,678AC091
0x100161D0,678ABFB4
0x100161D4,678B3E99
0x100161D8,678B3F03
0x100161DC,678ADF18
0x100161E0,678ADB6E
0x100161E4,6788AE20
0x100161E8,678B6415
0x100161EC,00000000
0x100161F0,765216D0
0x100161F4,765213A0
0x100161F8,765213C0
0x100161FC,00000000
0x10016200,765D5370
0x10016204,765D63C0
0x10016208,765D5490
0x1001620C,00000000
0x10016210,02160615
0x10016214,00000000
0x10016218,750B15E0
0x1001621C,750B15C0
0x10016220,750B1560
0x10016224,00000000
0x10016228,694438D0
0x1001622C,69443C00
