Address,Destination
0x01588000,75D2F2A0
0x01588004,75D2F970
0x01588008,75D2F660
0x0158800C,75D30160
0x01588010,75D2F540
0x01588014,75D2F130
0x01588018,75D330E0
0x0158801C,75D2F990
0x01588020,75D30920
0x01588024,75D2FAF0
0x01588028,75D2F220
0x0158802C,75D2F260
0x01588030,75D306F0
0x01588034,75D339F0
0x01588038,75D2EF10
0x0158803C,75D2F150
0x01588040,75D2F240
0x01588044,75D2EFE0
0x01588048,75D2F940
0x0158804C,75D2F580
0x01588050,75D2F080
0x01588054,00000000
0x01588058,75505390
0x0158805C,00000000
0x01588060,695F33F0
0x01588064,00000000
0x01588068,681E02D0
0x0158806C,00000000
0x01588070,75DF6F40
0x01588074,75DF8690
0x01588078,75DF87D0
0x0158807C,75DF4710
0x01588080,75DF4150
0x01588084,75DF6D90
0x01588088,75DF6CA0
0x0158808C,75DF6DE0
0x01588090,75DF6890
0x01588094,75DF5880
0x01588098,75DF5170
0x0158809C,75DF6E90
0x015880A0,75DF6FC0
0x015880A4,75DF52A0
0x015880A8,75DF5E80
0x015880AC,75DF5FC0
0x015880B0,75DF50F0
0x015880B4,75DF8ED0
0x015880B8,75DFAE70
0x015880BC,75DF5F50
0x015880C0,00000000
0x015880C4,7501DB60
0x015880C8,75015780
0x015880CC,75018FA0
0x015880D0,75017550
0x015880D4,7501DBB0
0x015880D8,75012A80
0x015880DC,75014260
0x015880E0,7501DBE0
0x015880E4,7501CBD0
0x015880E8,75012A30
0x015880EC,750194D0
0x015880F0,750195B0
0x015880F4,7501BBA0
0x015880F8,75018460
0x015880FC,75018C70
0x01588100,75019440
0x01588104,7501CE00
0x01588108,750181C0
0x0158810C,750158F0
0x01588110,00000000
0x01588114,758511A0
0x01588118,75848DA0
0x0158811C,75851640
0x01588120,75851980
0x01588124,7584E1E0
0x01588128,758919C0
0x0158812C,7584B750
0x01588130,7584B7D0
0x01588134,75852080
0x01588138,75850D00
0x0158813C,75851A00
0x01588140,7584EAA0
0x01588144,75853450
0x01588148,758534C0
0x0158814C,75853410
0x01588150,75850E00
0x01588154,758511B0
0x01588158,758533A0
0x0158815C,75853820
0x01588160,75853150
0x01588164,75865840
0x01588168,75852180
0x0158816C,758535D0
0x01588170,75853730
0x01588174,75889930
0x01588178,758513E0
0x0158817C,75851210
0x01588180,758483C0
0x01588184,75849080
0x01588188,75848C30
0x0158818C,758537C0
0x01588190,75853580
0x01588194,75848990
0x01588198,75867250
0x0158819C,75865C90
0x015881A0,75851B90
0x015881A4,75866830
0x015881A8,758531A0
0x015881AC,75850960
0x015881B0,758532E0
0x015881B4,75853340
0x015881B8,758532C0
0x015881BC,75846230
0x015881C0,758532D0
0x015881C4,7584E420
0x015881C8,75850890
0x015881CC,758519C0
0x015881D0,758531E0
0x015881D4,75850850
0x015881D8,75849910
0x015881DC,7584EA50
0x015881E0,75851960
0x015881E4,75850BA0
0x015881E8,75853100
0x015881EC,758530F0
0x015881F0,75848880
0x015881F4,75849350
0x015881F8,76EFC860
0x015881FC,758506E0
0x01588200,76EE6070
0x01588204,7584F620
0x01588208,7584E200
0x0158820C,76EE28E0
0x01588210,75851900
0x01588214,75853550
0x01588218,758664F0
0x0158821C,75844E90
0x01588220,75848FB0
0x01588224,75848410
0x01588228,75850A20
0x0158822C,75851EA0
0x01588230,75856A40
0x01588234,75844D30
0x01588238,75848AE0
0x0158823C,75853380
0x01588240,75851FD0
0x01588244,75851B40
0x01588248,75842E40
0x0158824C,75867140
0x01588250,75845100
0x01588254,75850E90
0x01588258,75850CE0
0x0158825C,75864F40
0x01588260,75853320
0x01588264,758531D0
0x01588268,75852540
0x0158826C,75852500
0x01588270,75852520
0x01588274,75853160
0x01588278,758653B0
0x0158827C,758652E0
0x01588280,758652D0
0x01588284,75865390
0x01588288,76ECB150
0x0158828C,75853230
0x01588290,76EFBDC0
0x01588294,7584F660
0x01588298,7584F760
0x0158829C,75851F60
0x015882A0,75850940
0x015882A4,75850D20
0x015882A8,75852380
0x015882AC,75853310
0x015882B0,75866500
0x015882B4,75853600
0x015882B8,758519A0
0x015882BC,75856A20
0x015882C0,75850F20
0x015882C4,7584E2B0
0x015882C8,75850D80
0x015882CC,75850E70
0x015882D0,758510D0
0x015882D4,75851BB0
0x015882D8,7584E220
0x015882DC,7584E350
0x015882E0,7584F7F0
0x015882E4,7584E240
0x015882E8,758510F0
0x015882EC,75850660
0x015882F0,7584B4B0
0x015882F4,75842EB0
0x015882F8,7584EAE0
0x015882FC,7584F5E0
0x01588300,75850720
0x01588304,7584E1B0
0x01588308,7584E1C0
0x0158830C,7584E250
0x01588310,7584E290
0x01588314,7584EB00
0x01588318,7584FE60
0x0158831C,75841F60
0x01588320,75865340
0x01588324,76F00F30
0x01588328,75853250
0x0158832C,75852640
0x01588330,75853360
0x01588334,758672E0
0x01588338,75852370
0x0158833C,7584F630
0x01588340,7584EA80
0x01588344,76EDE8B0
0x01588348,76EE00B0
0x0158834C,76ECFC70
0x01588350,7584E370
0x01588354,7588AD10
0x01588358,76EE2350
0x0158835C,76EE2300
0x01588360,76F08DF0
0x01588364,758532F0
0x01588368,75852610
0x0158836C,75853370
0x01588370,758520E0
0x01588374,758508B0
0x01588378,758535F0
0x0158837C,758533B0
0x01588380,7584F7D0
0x01588384,75845BD0
0x01588388,75853DD0
0x0158838C,75851E60
0x01588390,00000000
0x01588394,6A0F7149
0x01588398,6A0F5E81
0x0158839C,6A0F132C
0x015883A0,6A0FD930
0x015883A4,6A0F72B6
0x015883A8,6A108A4B
0x015883AC,6A100993
0x015883B0,6A100993
0x015883B4,6A106075
0x015883B8,6A105AEB
0x015883BC,6A105974
0x015883C0,6A100993
0x015883C4,6A105B67
0x015883C8,6A1058BA
0x015883CC,6A10C95A
0x015883D0,6A106059
0x015883D4,6A108B0F
0x015883D8,6A1097C3
0x015883DC,6A0F5345
0x015883E0,6A0F501F
0x015883E4,6A0F4EF3
0x015883E8,6A0F4EB9
0x015883EC,6A109BD2
0x015883F0,6A0F5468
0x015883F4,6A104AC9
0x015883F8,6A104A71
0x015883FC,6A108B37
0x01588400,6A108DBF
0x01588404,6A0F757A
0x01588408,6A0F551F
0x0158840C,6A0F5C72
0x01588410,6A0F5423
0x01588414,6A0FD930
0x01588418,6A0F72DE
0x0158841C,6A0F75A3
0x01588420,6A108DEF
0x01588424,6A109BB2
0x01588428,6A1061A9
0x0158842C,6A0F5F90
0x01588430,6A0F5ACB
0x01588434,6A0F5A79
0x01588438,6A109BD2
0x0158843C,6A0F75B3
0x01588440,6A0F506E
0x01588444,6A0F70EB
0x01588448,6A0F74EC
0x0158844C,6A0F5A03
0x01588450,6A10C9A6
0x01588454,6A1058F2
0x01588458,6A105952
0x0158845C,6A0FD930
0x01588460,6A1004EC
0x01588464,6A0F5C1A
0x01588468,6A0F65D3
0x0158846C,6A0F62AD
0x01588470,6A0F620A
0x01588474,6A0F7306
0x01588478,6A0F643C
0x0158847C,6A106CBF
0x01588480,6A0F6C66
0x01588484,6A0F132C
0x01588488,6A0FD930
0x0158848C,6A0F57E5
0x01588490,6A0F8B60
0x01588494,6A0F8B60
0x01588498,6A0F8B3D
0x0158849C,6A10AC66
0x015884A0,6A113744
0x015884A4,6A10ABDF
0x015884A8,6A112BA7
0x015884AC,6A11EB26
0x015884B0,6A1010D7
0x015884B4,6A10A7FF
0x015884B8,6A11D91E
0x015884BC,6A10088D
0x015884C0,6A108F11
0x015884C4,6A104B98
0x015884C8,6A1009A6
0x015884CC,6A0FD922
0x015884D0,6A104A9A
0x015884D4,6A104A48
0x015884D8,6A0FD922
0x015884DC,6A118D56
0x015884E0,6A118CF3
0x015884E4,6A0F506E
0x015884E8,6A0F5EBB
0x015884EC,6A0F506E
0x015884F0,6A0F7286
0x015884F4,00000000
0x015884F8,6A40CC60
0x015884FC,6A3D6292
0x01588500,6A3D338C
0x01588504,6A3D21B1
0x01588508,6A3D0B55
0x0158850C,6A3C95C1
0x01588510,6A3C83CF
0x01588514,6A4092B6
0x01588518,6A4077D5
0x0158851C,6A409C98
0x01588520,6A406CAA
0x01588524,6A3F9405
0x01588528,6A40CB33
0x0158852C,6A3FC32F
0x01588530,6A411661
0x01588534,6A411850
0x01588538,6A3C1BE0
0x0158853C,6A3C2ACE
0x01588540,6A3C2A99
0x01588544,6A43C618
0x01588548,6A3C1BFF
0x0158854C,6A40DF51
0x01588550,6A3C2211
0x01588554,6A3C21EE
0x01588558,6A43BA2C
0x0158855C,6A3E04E0
0x01588560,6A40CF88
0x01588564,6A3C2470
0x01588568,6A3C248B
0x0158856C,6A3C2793
0x01588570,6A3C2157
0x01588574,6A3C3607
0x01588578,6A40CE5A
0x0158857C,6A3C2EFA
0x01588580,6A3C3582
0x01588584,6A40CEB7
0x01588588,6A3C2E16
0x0158858C,6A3FBE7B
0x01588590,6A4147C1
0x01588594,6A41B2F0
0x01588598,6A423426
0x0158859C,6A3DC9C8
0x015885A0,6A3DC938
0x015885A4,6A3DC566
0x015885A8,6A3DC5EF
0x015885AC,6A3C90E7
0x015885B0,6A3D9DAE
0x015885B4,6A40F18A
0x015885B8,6A409442
0x015885BC,6A4079BD
0x015885C0,6A410C85
0x015885C4,6A414F94
0x015885C8,6A3CEB18
0x015885CC,6A3CE568
0x015885D0,6A3DBB90
0x015885D4,6A41B6C4
0x015885D8,6A41ADF0
0x015885DC,6A3D6C41
0x015885E0,6A41B1D0
0x015885E4,6A3DDDFB
0x015885E8,6A3C4792
0x015885EC,6A4236C0
0x015885F0,6A3DB970
0x015885F4,6A3DBE60
0x015885F8,6A3DC706
0x015885FC,6A3CA9C4
0x01588600,6A3D57D7
0x01588604,6A3D255B
0x01588608,6A3C8553
0x0158860C,6A3F9CC9
0x01588610,6A3F9FB4
0x01588614,6A4147D8
0x01588618,6A4126F0
0x0158861C,6A410B1D
0x01588620,6A3DE4BF
0x01588624,6A41A95B
0x01588628,6A3C33EF
0x0158862C,6A41B070
0x01588630,6A41AF9C
0x01588634,6A3D7CB4
0x01588638,6A3FBE59
0x0158863C,6A3C66A1
0x01588640,6A3D7364
0x01588644,6A4143F3
0x01588648,6A413678
0x0158864C,6A3FE3F0
0x01588650,6A3E0676
0x01588654,6A3E50B0
0x01588658,6A3DCE70
0x0158865C,6A3DCE02
0x01588660,6A3D729E
0x01588664,6A3D7839
0x01588668,6A3FA21B
0x0158866C,6A403FE6
0x01588670,6A41ACF0
0x01588674,6A3DB8E0
0x01588678,6A3DB9C0
0x0158867C,6A41ADDA
0x01588680,6A3D537D
0x01588684,6A3DB190
0x01588688,6A3F9E36
0x0158868C,6A3D799D
0x01588690,6A3C6646
0x01588694,6A3D373A
0x01588698,6A3CEA07
0x0158869C,6A3CE3E5
0x015886A0,6A3DC8A8
0x015886A4,6A3DC4DB
0x015886A8,6A3DEAA2
0x015886AC,6A3DEA50
0x015886B0,6A3DE70F
0x015886B4,6A40D23F
0x015886B8,6A3F93CA
0x015886BC,6A3F99FB
0x015886C0,6A3C8A5D
0x015886C4,6A3DED7F
0x015886C8,6A40F212
0x015886CC,6A3D9B56
0x015886D0,6A3D00D9
0x015886D4,6A3F96AE
0x015886D8,6A3F90B7
0x015886DC,6A3F8F83
0x015886E0,6A3D9B66
0x015886E4,6A41ABA0
0x015886E8,6A3DC678
0x015886EC,6A3DC791
0x015886F0,6A3DBD60
0x015886F4,6A41AFFA
0x015886F8,6A3D6FF7
0x015886FC,6A4129B8
0x01588700,6A3D2253
0x01588704,6A41256B
0x01588708,6A41AA50
0x0158870C,6A3C34CD
0x01588710,6A3FDF18
0x01588714,6A423300
0x01588718,6A423110
0x0158871C,6A41B5C0
0x01588720,6A41AE30
0x01588724,6A3DAE20
0x01588728,6A3FDB6E
0x0158872C,6A3DB680
0x01588730,6A41B7B0
0x01588734,6A41B6B0
0x01588738,6A41B330
0x0158873C,6A3D78ED
0x01588740,6A3FA9B4
0x01588744,6A3FA979
0x01588748,6A3DB310
0x0158874C,6A3D6F2E
0x01588750,6A3D06A6
0x01588754,6A3D4C89
0x01588758,6A3D6A87
0x0158875C,6A3E4DF0
0x01588760,6A3D0D95
0x01588764,6A3D0000
0x01588768,6A3DBDB0
0x0158876C,6A3D6BC8
0x01588770,6A3DEC21
0x01588774,6A3D144B
0x01588778,6A414F56
0x0158877C,6A3DB810
0x01588780,6A3D0379
0x01588784,6A3D311F
0x01588788,6A3E2D32
0x0158878C,6A3E334D
0x01588790,6A3E0CFC
0x01588794,6A3CE27A
0x01588798,6A3D01BE
0x0158879C,6A3DE761
0x015887A0,6A3D4840
0x015887A4,6A3D6BA6
0x015887A8,6A3E5304
0x015887AC,6A3C8B05
0x015887B0,6A3D30D0
0x015887B4,6A3C87D4
0x015887B8,6A3D0A2A
0x015887BC,6A3D4821
0x015887C0,6A3CFC61
0x015887C4,6A3D01A2
0x015887C8,6A403F03
0x015887CC,6A40405F
0x015887D0,6A404040
0x015887D4,6A403F23
0x015887D8,6A3FBBF6
0x015887DC,6A4119D7
0x015887E0,6A3FBFB4
0x015887E4,6A3FC091
0x015887E8,6A3FC076
0x015887EC,6A3FBF3A
0x015887F0,6A40CCC9
0x015887F4,6A3FBF24
0x015887F8,6A3D497E
0x015887FC,6A421A37
0x01588800,6A403D3F
0x01588804,6A406415
0x01588808,6A403B4E
0x0158880C,6A3D2E73
0x01588810,6A3D69A3
0x01588814,6A3D6AE1
0x01588818,6A3DD377
0x0158881C,6A3D20C1
0x01588820,6A3D6A25
0x01588824,6A3D2F16
0x01588828,6A3D3369
0x0158882C,6A3D7141
0x01588830,6A3D722A
0x01588834,6A3D2998
0x01588838,6A3D4DE4
0x0158883C,6A3D7524
0x01588840,6A3D4EA4
0x01588844,6A4149C0
0x01588848,6A3D9DDA
0x0158884C,6A3DA4AC
0x01588850,6A3D518B
0x01588854,6A414F6D
0x01588858,6A3E00B5
0x0158885C,6A3D7573
0x01588860,6A3C637A
0x01588864,6A3C60AD
0x01588868,6A3D7887
0x0158886C,6A403C40
0x01588870,6A4062A2
0x01588874,6A3D524A
0x01588878,6A3D4B5B
0x0158887C,6A3E2E7A
0x01588880,6A3C6874
0x01588884,6A3D4F2F
0x01588888,6A3D6D0A
0x0158888C,6A403E99
0x01588890,6A3D774A
0x01588894,6A3D71C3
0x01588898,6A3DDCB7
0x0158889C,6A411A06
0x015888A0,6A404288
0x015888A4,6A3D0216
0x015888A8,6A3CF1C3
0x015888AC,6A3DBEB0
0x015888B0,6A3D2F5D
0x015888B4,6A3DA097
0x015888B8,6A3C2455
0x015888BC,6A3D6D77
0x015888C0,6A3D61A2
0x015888C4,6A412967
0x015888C8,00000000
0x015888CC,74314E70
0x015888D0,00000000
0x015888D4,5F3E62C0
0x015888D8,5F3E6320
0x015888DC,00000000
0x015888E0,5EF911B0
0x015888E4,5EF914D0
0x015888E8,5EF91490
0x015888EC,5EF91200
0x015888F0,5EF91380
0x015888F4,5EF91480
0x015888F8,5EF914B0
0x015888FC,00000000
0x01588900,75426520
0x01588904,7542F620
0x01588908,75446DC0
0x0158890C,75423D70
0x01588910,7542D7D0
0x01588914,75446DD0
0x01588918,75446DB0
0x0158891C,7542FA70
0x01588920,7542EC30
0x01588924,7542E9E0
0x01588928,75423F50
0x0158892C,00000000
0x01588930,75271480
0x01588934,00000000
0x01588938,10009A10
0x0158893C,10009940
0x01588940,1000A120
0x01588944,00000000
0x01588948,74EEA060
0x0158894C,74EA8160
0x01588950,74EA7FA0
0x01588954,74EE9FC0
0x01588958,74EA9F60
0x0158895C,74EABE90
0x01588960,00000000
0x01588964,763242B0
0x01588968,00000000
0x0158896C,767B5280
0x01588970,767B5950
0x01588974,767B63A0
0x01588978,767B59C0
0x0158897C,767B7830
0x01588980,767BE3A0
0x01588984,767BE360
0x01588988,767BE940
0x0158898C,767B35F0
0x01588990,767C71D0
0x01588994,00000000
0x01588998,7507F5E0
0x0158899C,75065560
0x015889A0,7507FB60
0x015889A4,750CA160
0x015889A8,750815B0
0x015889AC,75081FB0
0x015889B0,75082930
0x015889B4,7506B2E0
0x015889B8,75075600
0x015889BC,750C0BA0
0x015889C0,75081EA0
0x015889C4,75069CB0
0x015889C8,76F28630
0x015889CC,750695D0
0x015889D0,750C0680
0x015889D4,75067BB0
0x015889D8,7507F0A0
0x015889DC,76F28620
0x015889E0,750829C0
0x015889E4,750815BC
0x015889E8,75082D00
0x015889EC,75069510
0x015889F0,750809E0
0x015889F4,75080F20
0x015889F8,75081990
0x015889FC,75081D90
0x01588A00,75075430
0x01588A04,750647D0
0x01588A08,75081BE0
0x01588A0C,75068BF0
0x01588A10,7506C6B0
0x01588A14,7507BD90
0x01588A18,75081A50
0x01588A1C,7506A040
0x01588A20,75062450
0x01588A24,75075090
0x01588A28,7506BF00
0x01588A2C,75068910
0x01588A30,750684B0
0x01588A34,75082CD0
0x01588A38,75082D30
0x01588A3C,75074C50
0x01588A40,750751B0
0x01588A44,7507A6A0
0x01588A48,75082590
0x01588A4C,75079970
0x01588A50,75064670
0x01588A54,7506BDE0
0x01588A58,75082420
0x01588A5C,7506AE30
0x01588A60,7509F000
0x01588A64,75068350
0x01588A68,75082AC0
0x01588A6C,75080D90
0x01588A70,75082970
0x01588A74,750C9DF0
0x01588A78,7507AB40
0x01588A7C,75068250
0x01588A80,7507C970
0x01588A84,75081FC0
0x01588A88,7506BBC0
0x01588A8C,75069AA0
0x01588A90,7506C5D0
0x01588A94,75068620
0x01588A98,7506BB00
0x01588A9C,75069080
0x01588AA0,7507F290
0x01588AA4,7506C580
0x01588AA8,7506C4E0
0x01588AAC,750684D0
0x01588AB0,023E3673
0x01588AB4,75064790
0x01588AB8,7507AF40
0x01588ABC,75068270
0x01588AC0,7507F060
0x01588AC4,7506E110
0x01588AC8,75065B30
0x01588ACC,750795B0
0x01588AD0,7507EC30
0x01588AD4,00000000
0x01588AD8,74411540
0x01588ADC,74411500
0x01588AE0,74411520
0x01588AE4,00000000
0x01588AE8,73250CF0
0x01588AEC,731D4AF0
0x01588AF0,73152CE0
0x01588AF4,7322A160
0x01588AF8,731D8E20
0x01588AFC,731C1600
0x01588B00,7323DA10
0x01588B04,7323DDC0
0x01588B08,7323D240
0x01588B0C,73156350
0x01588B10,73185B10
0x01588B14,73229F90
0x01588B18,00000000
0x01588B1C,7258F870
0x01588B20,7258F890
0x01588B24,72583C00
0x01588B28,7258F8B0
0x01588B2C,725847A0
0x01588B30,725838D0
0x01588B34,00000000
0x01588B38,76911680
0x01588B3C,768F61D0
0x01588B40,76929740
0x01588B44,7692FC80
0x01588B48,768FB6F0
0x01588B4C,768F26B0
0x01588B50,76911540
0x01588B54,7692FC00
0x01588B58,768FB320
0x01588B5C,7692A560
0x01588B60,76914120
0x01588B64,76921A20
0x01588B68,7691B120
0x01588B6C,76929C60
0x01588B70,7691E7E0
0x01588B74,7692EF70
0x01588B78,00000000
0x01588B7C,74DA56E0
0x01588B80,74DA56E0
0x01588B84,74DA57E0
0x01588B88,74DA5940
0x01588B8C,74DCFF10
0x01588B90,74DD00A0
0x01588B94,74DA6400
0x01588B98,74DA9CC0
0x01588B9C,74DB58A0
0x01588BA0,74DB5AB0
0x01588BA4,74DB2270
0x01588BA8,74DB3200
0x01588BAC,74DB32B0
0x01588BB0,74DAF3B0
0x01588BB4,74DAF070
0x01588BB8,74DA6010
0x01588BBC,74DB2520
0x01588BC0,74DA5350
0x01588BC4,74DCBE30
0x01588BC8,74DB5E50
0x01588BCC,74DB5960
0x01588BD0,74DCCE90
0x01588BD4,74DA5350
0x01588BD8,74DA57A0
0x01588BDC,74DACBC0
0x01588BE0,74DAC990
0x01588BE4,74DAEA60
0x01588BE8,74DB69C0
0x01588BEC,74DB5710
0x01588BF0,74DAED70
0x01588BF4,74DB7050
0x01588BF8,74DADFF0
0x01588BFC,74DB5D90
0x01588C00,74DAC860
0x01588C04,74DD5820
0x01588C08,74DB6160
0x01588C0C,74DAD890
0x01588C10,74DA6250
0x01588C14,74DB23A0
0x01588C18,74DA7580
0x01588C1C,74DAA810
0x01588C20,74DA5D50
0x01588C24,00000000
0x01588C28,6032EF35
0x01588C2C,60357BA3
0x01588C30,6032EDB3
0x01588C34,605D2D13
0x01588C38,60359088
0x01588C3C,60357CC8
0x01588C40,603590A2
0x01588C44,60358E76
0x01588C48,60856F54
0x01588C4C,60815D54
0x01588C50,6037F3D5
0x01588C54,60356033
0x01588C58,60351EB9
0x01588C5C,60357D0F
0x01588C60,00000000
0x01588C64,72B7CD30
0x01588C68,72B7CCF0
0x01588C6C,72B24B20
0x01588C70,00000000
0x01588C74,68CE7AB6
0x01588C78,68D078F9
0x01588C7C,68D09600
0x01588C80,00000000
0x01588C84,69FD7D62
0x01588C88,69FD7D79
0x01588C8C,69FD7AC4
0x01588C90,69FD7B86
0x01588C94,69FBCC2D
0x01588C98,69FBA86D
0x01588C9C,69FBEAE5
0x01588CA0,69FBE8BA
0x01588CA4,69FBE6A7
0x01588CA8,69FBA5D3
0x01588CAC,69F2F84F
0x01588CB0,69F2FCD5
0x01588CB4,69F19262
0x01588CB8,69FD980C
0x01588CBC,69FD95B3
0x01588CC0,69FD8C98
0x01588CC4,69FBDFCD
0x01588CC8,69FBE011
0x01588CCC,69FE0CAA
0x01588CD0,69FDFCD6
0x01588CD4,69F31CEC
0x01588CD8,69FBE48A
0x01588CDC,69FBA825
0x01588CE0,69F2F08E
0x01588CE4,69F18CFA
0x01588CE8,69FBE4ED
0x01588CEC,69F18A28
0x01588CF0,69F2FA75
0x01588CF4,69F18C17
0x01588CF8,69F304C2
0x01588CFC,69F30435
0x01588D00,69F30681
0x01588D04,69F2FFF2
0x01588D08,00000000
0x01588D0C,6928B910
0x01588D10,00000000
0x01588D14,69A6C520
0x01588D18,69A6C3C0
0x01588D1C,69A57450
0x01588D20,69A4C220
0x01588D24,69A57580
0x01588D28,69A6CBA0
0x01588D2C,69A6C550
0x01588D30,69A6C610
0x01588D34,69A57930
0x01588D38,69A578B0
0x01588D3C,69A57540
0x01588D40,69A57750
0x01588D44,69A57720
0x01588D48,69A578F0
0x01588D4C,69A57A00
0x01588D50,69A57A30
0x01588D54,69A6CA20
0x01588D58,69A6C9E0
0x01588D5C,69A6CA50
0x01588D60,69A6CA80
0x01588D64,69A6CAB0
0x01588D68,69A6C400
0x01588D6C,69A6C710
0x01588D70,69A573B0
0x01588D74,69A6C580
0x01588D78,69A576E0
0x01588D7C,69A57480
0x01588D80,69A574B0
0x01588D84,69A65F60
0x01588D88,69A57A60
0x01588D8C,69A57AC0
0x01588D90,69A6C430
0x01588D94,00000000
0x01588D98,698A1A1E
0x01588D9C,698A478C
0x01588DA0,698A1A5F
0x01588DA4,00000000
0x01588DA8,694D2C70
0x01588DAC,694D3010
0x01588DB0,694D31B0
0x01588DB4,694D4CB0
0x01588DB8,694D49A0
0x01588DBC,694D2CD0
0x01588DC0,694D1900
0x01588DC4,694D5C10
0x01588DC8,694D5400
0x01588DCC,694D2CA0
0x01588DD0,694D5950
0x01588DD4,694D5690
0x01588DD8,694D4D40
0x01588DDC,694D4CE0
0x01588DE0,694D4DF0
0x01588DE4,694D50E0
0x01588DE8,694D5720
0x01588DEC,694D4EF0
0x01588DF0,694D4FA0
0x01588DF4,694D4D70
0x01588DF8,694D4F20
0x01588DFC,694D4EC0
0x01588E00,694D2E10
0x01588E04,694D2F00
0x01588E08,694D2440
0x01588E0C,694D3080
0x01588E10,694D5080
0x01588E14,694D1F20
0x01588E18,00000000
0x01588E1C,69631F20
0x01588E20,69631FF0
0x01588E24,69632050
0x01588E28,00000000
0x01588E2C,75A82BF0
0x01588E30,75A92C40
0x01588E34,75A9D360
0x01588E38,75A9D3B0
0x01588E3C,75ACAAB0
0x01588E40,76819CB0
0x01588E44,00000000
0x01588E48,6A342DE0
0x01588E4C,6A3431A0
0x01588E50,6A343110
0x01588E54,6A3430D0
0x01588E58,6A343210
0x01588E5C,00000000
0x01588E60,6A1FDBD0
0x01588E64,6A1FB730
0x01588E68,6A1FCBB0
