Calladdr,Address,Ordinal,Function,Module
0x01588000,0x768ef2a0,1215,CryptGetHashParam,advapi32.dll
0x01588004,0x768ef970,1201,CryptDestroyHash,advapi32.dll
0x01588008,0x768ef660,1219,CryptHashData,advapi32.dll
0x0158800C,0x768f0160,1195,CryptAcquireContextA,advapi32.dll
0x01588010,0x768ef540,1198,CryptCreateHash,advapi32.dll
0x01588014,0x768ef130,1667,RegQueryInfoKeyW,advapi32.dll
0x01588018,0x768f30e0,1641,RegEnumKeyExA,advapi32.dll
0x0158801C,0x768ef990,1196,CryptAcquireContextW,advapi32.dll
0x01588020,0x768f0920,1212,CryptGenRandom,advapi32.dll
0x01588024,0x768efaf0,1222,CryptReleaseContext,advapi32.dll
0x01588028,0x768ef220,1689,RegSetValueExW,advapi32.dll
0x0158802C,0x768ef260,1620,RegCreateKeyExW,advapi32.dll
0x01588030,0x768f06f0,1688,RegSetValueExA,advapi32.dll
0x01588034,0x768f39f0,1380,GetUserNameA,advapi32.dll
0x01588038,0x768eef10,1673,RegQueryValueExW,advapi32.dll
0x0158803C,0x768ef150,1611,RegCloseKey,advapi32.dll
0x01588040,0x768ef240,1659,RegOpenKeyExA,advapi32.dll
0x01588044,0x768eefe0,1660,RegOpenKeyExW,advapi32.dll
0x01588048,0x768ef940,1381,GetUserNameW,advapi32.dll
0x0158804C,0x768ef580,1619,RegCreateKeyExA,advapi32.dll
0x01588050,0x768ef080,1672,RegQueryValueExA,advapi32.dll
0x01588054,0x00000000,,,
0x01588058,0x765e5390,102,ChooseColorA,comdlg32.dll
0x0158805C,0x00000000,,,
0x01588060,0x5bf533f0,1,DirectInput8Create,dinput8.dll
0x01588064,0x00000000,,,
0x01588068,0x638202d0,11,DirectSoundCreate8,dsound.dll
0x0158806C,0x00000000,,,
0x01588070,0x76646f40,1744,GetTextMetricsW,gdi32.dll
0x01588074,0x76648690,1466,EnumFontFamiliesExW,gdi32.dll
0x01588078,0x766487d0,1685,GetKerningPairsW,gdi32.dll
0x0158807C,0x76644710,1083,CreateFontW,gdi32.dll
0x01588080,0x76644150,1677,GetGlyphOutlineW,gdi32.dll
0x01588084,0x76646d90,1065,CreateCompatibleDC,gdi32.dll
0x01588088,0x76646ca0,1885,SelectObject,gdi32.dll
0x0158808C,0x76646de0,1035,BitBlt,gdi32.dll
0x01588090,0x76646890,1399,DeleteDC,gdi32.dll
0x01588094,0x76645880,1402,DeleteObject,gdi32.dll
0x01588098,0x76645170,1950,TextOutA,gdi32.dll
0x0158809C,0x76646e90,1932,SetTextColor,gdi32.dll
0x015880A0,0x76646fc0,1893,SetBkMode,gdi32.dll
0x015880A4,0x766452a0,1078,CreateFontA,gdi32.dll
0x015880A8,0x76645e80,1070,CreateDIBSection,gdi32.dll
0x015880AC,0x76645fc0,1652,GetDeviceCaps,gdi32.dll
0x015880B0,0x766450f0,1066,CreateDCA,gdi32.dll
0x015880B4,0x76648ed0,1904,SetDeviceGammaRamp,gdi32.dll
0x015880B8,0x7664ae70,1653,GetDeviceGammaRamp,gdi32.dll
0x015880BC,0x76645f50,1719,GetStockObject,gdi32.dll
0x015880C0,0x00000000,,,
0x015880C4,0x767ddb60,83,ImmGetVirtualKey,imm32.dll
0x015880C8,0x767d5780,64,ImmGetDefaultIMEWnd,imm32.dll
0x015880CC,0x767d8fa0,119,ImmSetCompositionStringW,imm32.dll
0x015880D0,0x767d7550,28,ImmAssociateContextEx,imm32.dll
0x015880D4,0x767ddbb0,93,ImmIsUIMessageA,imm32.dll
0x015880D8,0x767d2a80,78,ImmGetOpenStatus,imm32.dll
0x015880DC,0x767d4260,60,ImmGetContext,imm32.dll
0x015880E0,0x767ddbe0,94,ImmIsUIMessageW,imm32.dll
0x015880E4,0x767dcbd0,73,ImmGetIMEFileNameA,imm32.dll
0x015880E8,0x767d2a30,63,ImmGetConversionStatus,imm32.dll
0x015880EC,0x767d94d0,121,ImmSetConversionStatus,imm32.dll
0x015880F0,0x767d95b0,123,ImmSetOpenStatus,imm32.dll
0x015880F4,0x767dbba0,101,ImmNotifyIME,imm32.dll
0x015880F8,0x767d8460,58,ImmGetCompositionStringW,imm32.dll
0x015880FC,0x767d8c70,115,ImmSetCandidateWindow,imm32.dll
0x01588100,0x767d9440,120,ImmSetCompositionWindow,imm32.dll
0x01588104,0x767dce00,79,ImmGetProperty,imm32.dll
0x01588108,0x767d81c0,53,ImmGetCandidateListW,imm32.dll
0x0158810C,0x767d58f0,108,ImmReleaseContext,imm32.dll
0x01588110,0x00000000,,,
0x01588114,0x767011a0,1414,Sleep,kernel32.dll
0x01588118,0x766f8da0,1568,WritePrivateProfileStringA,kernel32.dll
0x0158811C,0x76701640,485,GetComputerNameW,kernel32.dll
0x01588120,0x76701980,1108,QueryPerformanceFrequency,kernel32.dll
0x01588124,0x766fe1e0,1107,QueryPerformanceCounter,kernel32.dll
0x01588128,0x767419c0,1372,SetThreadAffinityMask,kernel32.dll
0x0158812C,0x766fb750,682,GetPrivateProfileIntA,kernel32.dll
0x01588130,0x766fb7d0,688,GetPrivateProfileStringA,kernel32.dll
0x01588134,0x76702080,834,GlobalMemoryStatusEx,kernel32.dll
0x01588138,0x76700d00,635,GetModuleHandleA,kernel32.dll
0x0158813C,0x76701a00,802,GetVersionExA,kernel32.dll
0x01588140,0x766feaa0,1595,lstrcmpiA,kernel32.dll
0x01588144,0x76703450,383,FindFirstFileA,kernel32.dll
0x01588148,0x767034c0,400,FindNextFileA,kernel32.dll
0x0158814C,0x76703410,379,FindClose,kernel32.dll
0x01588150,0x76700e00,616,GetLocalTime,kernel32.dll
0x01588154,0x767011b0,249,CreateThread,kernel32.dll
0x01588158,0x767033a0,201,CreateFileA,kernel32.dll
0x0158815C,0x76703820,1563,WriteFile,kernel32.dll
0x01588160,0x76703150,140,CloseHandle,kernel32.dll
0x01588164,0x76715840,534,GetCurrentDirectoryA,kernel32.dll
0x01588168,0x76702180,476,GetCommandLineA,kernel32.dll
0x0158816C,0x767035d0,593,GetFileSize,kernel32.dll
0x01588170,0x76703730,1146,ReadFile,kernel32.dll
0x01588174,0x76739930,690,GetPrivateProfileStructA,kernel32.dll
0x01588178,0x767013e0,1447,TlsAlloc,kernel32.dll
0x0158817C,0x76701210,1448,TlsFree,kernel32.dll
0x01588180,0x766f83c0,1598,lstrcpyA,kernel32.dll
0x01588184,0x766f9080,482,GetComputerNameA,kernel32.dll
0x01588188,0x766f8c30,428,FormatMessageA,kernel32.dll
0x0158818C,0x767037c0,1321,SetFilePointer,kernel32.dll
0x01588190,0x76703580,582,GetFileAttributesA,kernel32.dll
0x01588194,0x766f8990,574,GetEnvironmentVariableA,kernel32.dll
0x01588198,0x76717250,1422,SuspendThread,kernel32.dll
0x0158819C,0x76715c90,767,GetThreadContext,kernel32.dll
0x015881A0,0x76701b90,1236,ResumeThread,kernel32.dll
0x015881A4,0x76716830,1149,ReadProcessMemory,kernel32.dll
0x015881A8,0x767031a0,194,CreateEventA,kernel32.dll
0x015881AC,0x76700960,1383,SetThreadPriority,kernel32.dll
0x015881B0,0x767032e0,1229,ResetEvent,kernel32.dll
0x015881B4,0x76703340,1504,WaitForSingleObject,kernel32.dll
0x015881B8,0x767032c0,1207,ReleaseMutex,kernel32.dll
0x015881BC,0x766f6230,239,CreateSemaphoreA,kernel32.dll
0x015881C0,0x767032d0,1211,ReleaseSemaphore,kernel32.dll
0x015881C4,0x766fe420,832,GlobalLock,kernel32.dll
0x015881C8,0x76700890,821,GlobalAlloc,kernel32.dll
0x015881CC,0x767019c0,1398,SetUnhandledExceptionFilter,kernel32.dll
0x015881D0,0x767031e0,221,CreateMutexA,kernel32.dll
0x015881D4,0x76700850,1129,RaiseException,kernel32.dll
0x015881D8,0x766f9910,1429,TerminateProcess,kernel32.dll
0x015881DC,0x766fea50,545,GetCurrentThread,kernel32.dll
0x015881E0,0x76701960,972,LoadLibraryW,kernel32.dll
0x015881E4,0x76700ba0,634,GetModuleFileNameW,kernel32.dll
0x015881E8,0x76703100,542,GetCurrentProcessId,kernel32.dll
0x015881EC,0x767030f0,541,GetCurrentProcess,kernel32.dll
0x015881F0,0x766f8880,665,GetNumberFormatW,kernel32.dll
0x015881F4,0x766f9350,1054,OutputDebugStringA,kernel32.dll
0x015881F8,0x7700c860,1152,InitializeCriticalSection,kernel32.dll
0x015881FC,0x767006e0,1604,lstrlenA,kernel32.dll
0x01588200,0x76ff6080,759,HeapAlloc,kernel32.dll
0x01588204,0x766ff620,698,GetProcessHeap,kernel32.dll
0x01588208,0x766fe200,849,HeapFree,kernel32.dll
0x0158820C,0x76ff28f0,1369,HeapReAlloc,kernel32.dll
0x01588210,0x76701900,749,GetSystemTime,kernel32.dll
0x01588214,0x76703550,559,GetDiskFreeSpaceW,kernel32.dll
0x01588218,0x767164f0,1055,OutputDebugStringW,kernel32.dll
0x0158821C,0x766f4e90,833,GlobalMemoryStatus,kernel32.dll
0x01588220,0x766f8fb0,1296,SetCurrentDirectoryW,kernel32.dll
0x01588224,0x766f8410,617,GetLocaleInfoA,kernel32.dll
0x01588228,0x76700a20,1076,Process32NextW,kernel32.dll
0x0158822C,0x76701ea0,1074,Process32FirstW,kernel32.dll
0x01588230,0x76706a40,258,CreateToolhelp32Snapshot,kernel32.dll
0x01588234,0x766f4d30,880,InterlockedCompareExchange,kernel32.dll
0x01588238,0x766f8ae0,535,GetCurrentDirectoryW,kernel32.dll
0x0158823C,0x76703380,192,CreateDirectoryW,kernel32.dll
0x01588240,0x76701fd0,1118,QueueUserWorkItem,kernel32.dll
0x01588244,0x76701b40,803,GetVersionExW,kernel32.dll
0x01588248,0x766f2e40,882,InterlockedExchange,kernel32.dll
0x0158824C,0x76717140,1384,SetThreadPriorityBoost,kernel32.dll
0x01588250,0x766f5100,857,HeapValidate,kernel32.dll
0x01588254,0x76700e90,848,HeapDestroy,kernel32.dll
0x01588258,0x76700ce0,847,HeapCreate,kernel32.dll
0x0158825C,0x76714f40,118,CancelIo,kernel32.dll
0x01588260,0x76703320,1502,WaitForMultipleObjects,kernel32.dll
0x01588264,0x767031d0,197,CreateEventW,kernel32.dll
0x01588268,0x76702540,214,CreateIoCompletionPort,kernel32.dll
0x0158826C,0x76702500,1065,PostQueuedCompletionStatus,kernel32.dll
0x01588270,0x76702520,720,GetQueuedCompletionStatus,kernel32.dll
0x01588274,0x76703160,305,DuplicateHandle,kernel32.dll
0x01588278,0x767153b0,288,DeleteTimerQueueTimer,kernel32.dll
0x0158827C,0x767152e0,257,CreateTimerQueueTimer,kernel32.dll
0x01588280,0x767152d0,256,CreateTimerQueue,kernel32.dll
0x01588284,0x76715390,287,DeleteTimerQueueEx,kernel32.dll
0x01588288,0x76fdb160,752,AddVectoredExceptionHandler,kernel32.dll
0x0158828C,0x76703230,242,CreateSemaphoreW,kernel32.dll
0x01588290,0x7700bdc0,1481,HeapSize,kernel32.dll
0x01588294,0x766ff660,1487,VirtualAlloc,kernel32.dll
0x01588298,0x766ff760,1490,VirtualFree,kernel32.dll
0x0158829C,0x76701f60,790,GetTimeZoneInformation,kernel32.dll
0x015882A0,0x76700940,619,GetLocaleInfoW,kernel32.dll
0x015882A4,0x76700d20,777,GetThreadPriority,kernel32.dll
0x015882A8,0x76702380,579,GetExitCodeThread,kernel32.dll
0x015882AC,0x76703310,1417,SleepEx,kernel32.dll
0x015882B0,0x76716500,1064,PeekNamedPipe,kernel32.dll
0x015882B4,0x76703600,596,GetFileType,kernel32.dll
0x015882B8,0x767019a0,728,GetStdHandle,kernel32.dll
0x015882BC,0x76706a20,356,ExitProcess,kernel32.dll
0x015882C0,0x76700f20,725,GetStartupInfoA,kernel32.dll
0x015882C4,0x766fe2b0,615,GetLastError,kernel32.dll
0x015882C8,0x76700d80,433,FreeLibrary,kernel32.dll
0x015882CC,0x76700e70,969,LoadLibraryA,kernel32.dll
0x015882D0,0x767010d0,633,GetModuleFileNameA,kernel32.dll
0x015882D4,0x76701bb0,745,GetSystemInfo,kernel32.dll
0x015882D8,0x766fe220,1015,MultiByteToWideChar,kernel32.dll
0x015882DC,0x766fe350,1605,lstrlenW,kernel32.dll
0x015882E0,0x766ff7f0,692,GetProcAddress,kernel32.dll
0x015882E4,0x766fe240,1337,SetLastError,kernel32.dll
0x015882E8,0x767010f0,638,GetModuleHandleW,kernel32.dll
0x015882EC,0x76700660,440,GetACP,kernel32.dll
0x015882F0,0x766fb4b0,410,FindResourceExA,kernel32.dll
0x015882F4,0x766f2eb0,409,FindResourceA,kernel32.dll
0x015882F8,0x766feae0,975,LoadResource,kernel32.dll
0x015882FC,0x766ff5e0,995,LockResource,kernel32.dll
0x01588300,0x76700720,1413,SizeofResource,kernel32.dll
0x01588304,0x766fe1b0,546,GetCurrentThreadId,kernel32.dll
0x01588308,0x766fe1c0,1449,TlsGetValue,kernel32.dll
0x0158830C,0x766fe250,1450,TlsSetValue,kernel32.dll
0x01588310,0x766fe290,1543,WideCharToMultiByte,kernel32.dll
0x01588314,0x766feb00,881,InterlockedDecrement,kernel32.dll
0x01588318,0x766ffe60,411,FindResourceExW,kernel32.dll
0x0158831C,0x766f1f60,412,FindResourceW,kernel32.dll
0x01588320,0x76715340,268,DebugBreak,kernel32.dll
0x01588324,0x77010f30,1518,TryEnterCriticalSection,kernel32.dll
0x01588328,0x76703250,871,InitializeCriticalSectionAndSpinCount,kernel32.dll
0x0158832C,0x76702640,784,GetTickCount,kernel32.dll
0x01588330,0x76703360,157,CompareFileTime,kernel32.dll
0x01588334,0x767172e0,1462,UnhandledExceptionFilter,kernel32.dll
0x01588338,0x76702370,902,IsDebuggerPresent,kernel32.dll
0x0158833C,0x766ff630,751,GetSystemTimeAsFileTime,kernel32.dll
0x01588340,0x766fea80,885,InterlockedIncrement,kernel32.dll
0x01588344,0x76fee8c0,1246,LeaveCriticalSection,kernel32.dll
0x01588348,0x76ff00c0,961,EnterCriticalSection,kernel32.dll
0x0158834C,0x76fdfc80,905,DeleteCriticalSection,kernel32.dll
0x01588350,0x766fe370,839,GlobalUnlock,kernel32.dll
0x01588354,0x7673ad10,1032,OpenFile,kernel32.dll
0x01588358,0x76ff2360,1180,InterlockedPushEntrySList,kernel32.dll
0x0158835C,0x76ff2310,1179,InterlockedPopEntrySList,kernel32.dll
0x01588360,0x77018df0,1164,InitializeSListHead,kernel32.dll
0x01588364,0x767032f0,1309,SetEvent,kernel32.dll
0x01588368,0x76702610,359,ExpandEnvironmentStringsA,kernel32.dll
0x0158836C,0x76703370,187,CreateDirectoryA,kernel32.dll
0x01588370,0x767020e0,693,GetProcessAffinityMask,kernel32.dll
0x01588374,0x767008b0,1308,SetErrorMode,kernel32.dll
0x01588378,0x767035f0,595,GetFileTime,kernel32.dll
0x0158837C,0x767033b0,209,CreateFileW,kernel32.dll
0x01588380,0x766ff7d0,983,LocalFree,kernel32.dll
0x01588384,0x766f5bd0,883,InterlockedExchangeAdd,kernel32.dll
0x01588388,0x76703dd0,1289,SetConsoleTextAttribute,kernel32.dll
0x0158838C,0x76701e60,429,FormatMessageW,kernel32.dll
0x01588390,0x00000000,,,
0x01588394,0x5da67149,375,??0?$basic_string@DU?$char_traits@D@std@@V?$allocator@D@2@@std@@QAE@PBD@Z,msvcp90.dll
0x01588398,0x5da65e81,380,??0?$basic_string@DU?$char_traits@D@std@@V?$allocator@D@2@@std@@QAE@XZ,msvcp90.dll
0x0158839C,0x5da6132c,2497,?npos@?$basic_string@DU?$char_traits@D@std@@V?$allocator@D@2@@std@@2IB,msvcp90.dll
0x015883A0,0x5da6d930,2405,?length@?$basic_string@DU?$char_traits@D@std@@V?$allocator@D@2@@std@@QBEIXZ,msvcp90.dll
0x015883A4,0x5da672b6,694,??4?$basic_string@DU?$char_traits@D@std@@V?$allocator@D@2@@std@@QAEAAV01@PBD@Z,msvcp90.dll
0x015883A8,0x5da78a4b,388,??0?$basic_string@GU?$char_traits@G@std@@V?$allocator@G@2@@std@@QAE@PBG@Z,msvcp90.dll
0x015883AC,0x5da70993,1398,?_Myptr@?$basic_string@GU?$char_traits@G@std@@V?$allocator@G@2@@std@@IBEPBGXZ,msvcp90.dll
0x015883B0,0x5da70993,1398,?_Myptr@?$basic_string@GU?$char_traits@G@std@@V?$allocator@G@2@@std@@IBEPBGXZ,msvcp90.dll
0x015883B4,0x5da76075,609,??1?$basic_string@GU?$char_traits@G@std@@V?$allocator@G@2@@std@@QAE@XZ,msvcp90.dll
0x015883B8,0x5da75aeb,48,??$?8GU?$char_traits@G@std@@V?$allocator@G@1@@std@@YA_NABV?$basic_string@GU?$char_traits@G@std@@V?$allocator@G@2@@0@0@Z,msvcp90.dll
0x015883BC,0x5da75974,138,??$?MDU?$char_traits@D@std@@V?$allocator@D@1@@std@@YA_NABV?$basic_string@DU?$char_traits@D@std@@V?$allocator@D@2@@0@0@Z,msvcp90.dll
0x015883C0,0x5da70993,1398,?_Myptr@?$basic_string@GU?$char_traits@G@std@@V?$allocator@G@2@@std@@IBEPBGXZ,msvcp90.dll
0x015883C4,0x5da75b67,141,??$?MGU?$char_traits@G@std@@V?$allocator@G@1@@std@@YA_NABV?$basic_string@GU?$char_traits@G@std@@V?$allocator@G@2@@0@0@Z,msvcp90.dll
0x015883C8,0x5da758ba,45,??$?8DU?$char_traits@D@std@@V?$allocator@D@1@@std@@YA_NABV?$basic_string@DU?$char_traits@D@std@@V?$allocator@D@2@@0@0@Z,msvcp90.dll
0x015883CC,0x5da7c95a,102,??$?HDU?$char_traits@D@std@@V?$allocator@D@1@@std@@YA?AV?$basic_string@DU?$char_traits@D@std@@V?$allocator@D@2@@0@ABV10@0@Z,msvcp90.dll
0x015883D0,0x5da76059,393,??0?$basic_string@GU?$char_traits@G@std@@V?$allocator@G@2@@std@@QAE@XZ,msvcp90.dll
0x015883D4,0x5da78b0f,697,??4?$basic_string@GU?$char_traits@G@std@@V?$allocator@G@2@@std@@QAEAAV01@PBG@Z,msvcp90.dll
0x015883D8,0x5da797c3,104,??$?HDU?$char_traits@D@std@@V?$allocator@D@1@@std@@YA?AV?$basic_string@DU?$char_traits@D@std@@V?$allocator@D@2@@0@ABV10@PBD@Z,msvcp90.dll
0x015883DC,0x5da65345,843,??A?$basic_string@DU?$char_traits@D@std@@V?$allocator@D@2@@std@@QAEAADI@Z,msvcp90.dll
0x015883E0,0x5da6501f,1515,?_Xfunc@tr1@std@@YAXXZ,msvcp90.dll
0x015883E4,0x5da64ef3,1660,?compare@?$char_traits@D@std@@SAHPBD0I@Z,msvcp90.dll
0x015883E8,0x5da64eb9,2001,?eq@?$char_traits@D@std@@SA_NABD0@Z,msvcp90.dll
0x015883EC,0x5da79bd2,2990,?swap@?$basic_string@DU?$char_traits@D@std@@V?$allocator@D@2@@std@@QAEXAAV12@@Z,msvcp90.dll
0x015883F0,0x5da65468,2810,?rfind@?$basic_string@DU?$char_traits@D@std@@V?$allocator@D@2@@std@@QBEIPBDII@Z,msvcp90.dll
0x015883F4,0x5da74ac9,1969,?end@?$basic_string@GU?$char_traits@G@std@@V?$allocator@G@2@@std@@QBE?AV?$_String_const_iterator@GU?$char_traits@G@std@@V?$allocator@G@2@@2@XZ,msvcp90.dll
0x015883F8,0x5da74a71,1603,?begin@?$basic_string@_WU?$char_traits@_W@std@@V?$allocator@_W@2@@std@@QBE?AV?$_String_const_iterator@_WU?$char_traits@_W@std@@V?$allocator@_W@2@@2@XZ,msvcp90.dll
0x015883FC,0x5da78b37,868,??Y?$basic_string@GU?$char_traits@G@std@@V?$allocator@G@2@@std@@QAEAAV01@PBG@Z,msvcp90.dll
0x01588400,0x5da78dbf,381,??0?$basic_string@GU?$char_traits@G@std@@V?$allocator@G@2@@std@@QAE@ABV01@@Z,msvcp90.dll
0x01588404,0x5da6757a,2984,?substr@?$basic_string@DU?$char_traits@D@std@@V?$allocator@D@2@@std@@QBE?AV12@II@Z,msvcp90.dll
0x01588408,0x5da6551f,2808,?rfind@?$basic_string@DU?$char_traits@D@std@@V?$allocator@D@2@@std@@QBEIDI@Z,msvcp90.dll
0x0158840C,0x5da65c72,2059,?find_first_of@?$basic_string@DU?$char_traits@D@std@@V?$allocator@D@2@@std@@QBEIABV12@I@Z,msvcp90.dll
0x01588410,0x5da65423,2034,?find@?$basic_string@DU?$char_traits@D@std@@V?$allocator@D@2@@std@@QBEIPBDI@Z,msvcp90.dll
0x01588414,0x5da6d930,2405,?length@?$basic_string@DU?$char_traits@D@std@@V?$allocator@D@2@@std@@QBEIXZ,msvcp90.dll
0x01588418,0x5da672de,865,??Y?$basic_string@DU?$char_traits@D@std@@V?$allocator@D@2@@std@@QAEAAV01@PBD@Z,msvcp90.dll
0x0158841C,0x5da675a3,692,??4?$basic_string@DU?$char_traits@D@std@@V?$allocator@D@2@@std@@QAEAAV01@ABV01@@Z,msvcp90.dll
0x01588420,0x5da78def,871,??Y?$basic_string@_WU?$char_traits@_W@std@@V?$allocator@_W@2@@std@@QAEAAV01@_W@Z,msvcp90.dll
0x01588424,0x5da79bb2,698,??4?$basic_string@_WU?$char_traits@_W@std@@V?$allocator@_W@2@@std@@QAEAAV01@ABV01@@Z,msvcp90.dll
0x01588428,0x5da761a9,1621,?clear@?$basic_string@GU?$char_traits@G@std@@V?$allocator@G@2@@std@@QAEXXZ,msvcp90.dll
0x0158842C,0x5da65f90,1620,?clear@?$basic_string@DU?$char_traits@D@std@@V?$allocator@D@2@@std@@QAEXXZ,msvcp90.dll
0x01588430,0x5da65acb,1966,?end@?$basic_string@DU?$char_traits@D@std@@V?$allocator@D@2@@std@@QAE?AV?$_String_iterator@DU?$char_traits@D@std@@V?$allocator@D@2@@2@XZ,msvcp90.dll
0x01588434,0x5da65a79,1598,?begin@?$basic_string@DU?$char_traits@D@std@@V?$allocator@D@2@@std@@QAE?AV?$_String_iterator@DU?$char_traits@D@std@@V?$allocator@D@2@@2@XZ,msvcp90.dll
0x01588438,0x5da79bd2,2990,?swap@?$basic_string@DU?$char_traits@D@std@@V?$allocator@D@2@@std@@QAEXAAV12@@Z,msvcp90.dll
0x0158843C,0x5da675b3,863,??Y?$basic_string@DU?$char_traits@D@std@@V?$allocator@D@2@@std@@QAEAAV01@ABV01@@Z,msvcp90.dll
0x01588440,0x5da6506e,1686,?data@?$basic_string@DU?$char_traits@D@std@@V?$allocator@D@2@@std@@QBEPBDXZ,msvcp90.dll
0x01588444,0x5da670eb,377,??0?$basic_string@DU?$char_traits@D@std@@V?$allocator@D@2@@std@@QAE@PBDI@Z,msvcp90.dll
0x01588448,0x5da674ec,2764,?replace@?$basic_string@DU?$char_traits@D@std@@V?$allocator@D@2@@std@@QAEAAV12@IIABV12@@Z,msvcp90.dll
0x0158844C,0x5da65a03,2009,?erase@?$basic_string@DU?$char_traits@D@std@@V?$allocator@D@2@@std@@QAEAAV12@II@Z,msvcp90.dll
0x01588450,0x5da7c9a6,106,??$?HDU?$char_traits@D@std@@V?$allocator@D@1@@std@@YA?AV?$basic_string@DU?$char_traits@D@std@@V?$allocator@D@2@@0@PBDABV10@@Z,msvcp90.dll
0x01588454,0x5da758f2,46,??$?8DU?$char_traits@D@std@@V?$allocator@D@1@@std@@YA_NABV?$basic_string@DU?$char_traits@D@std@@V?$allocator@D@2@@0@PBD@Z,msvcp90.dll
0x01588458,0x5da75952,64,??$?9DU?$char_traits@D@std@@V?$allocator@D@1@@std@@YA_NABV?$basic_string@DU?$char_traits@D@std@@V?$allocator@D@2@@0@PBD@Z,msvcp90.dll
0x0158845C,0x5da6d930,2405,?length@?$basic_string@DU?$char_traits@D@std@@V?$allocator@D@2@@std@@QBEIXZ,msvcp90.dll
0x01588460,0x5da704ec,853,??A?$basic_string@_WU?$char_traits@_W@std@@V?$allocator@_W@2@@std@@QBEAB_WI@Z,msvcp90.dll
0x01588464,0x5da65c1a,2032,?find@?$basic_string@DU?$char_traits@D@std@@V?$allocator@D@2@@std@@QBEIABV12@I@Z,msvcp90.dll
0x01588468,0x5da665d3,2314,?insert@?$basic_string@DU?$char_traits@D@std@@V?$allocator@D@2@@std@@QAEAAV12@IPBDI@Z,msvcp90.dll
0x0158846C,0x5da662ad,1544,?append@?$basic_string@DU?$char_traits@D@std@@V?$allocator@D@2@@std@@QAEAAV12@PBD@Z,msvcp90.dll
0x01588470,0x5da6620a,1545,?append@?$basic_string@DU?$char_traits@D@std@@V?$allocator@D@2@@std@@QAEAAV12@PBDI@Z,msvcp90.dll
0x01588474,0x5da67306,1540,?append@?$basic_string@DU?$char_traits@D@std@@V?$allocator@D@2@@std@@QAEAAV12@ABV12@@Z,msvcp90.dll
0x01588478,0x5da6643c,1565,?assign@?$basic_string@DU?$char_traits@D@std@@V?$allocator@D@2@@std@@QAEAAV12@PBD@Z,msvcp90.dll
0x0158847C,0x5da76cbf,1579,?assign@?$basic_string@_WU?$char_traits@_W@std@@V?$allocator@_W@2@@std@@QAEAAV12@PB_W@Z,msvcp90.dll
0x01588480,0x5da66c66,2767,?replace@?$basic_string@DU?$char_traits@D@std@@V?$allocator@D@2@@std@@QAEAAV12@IIPBD@Z,msvcp90.dll
0x01588484,0x5da6132c,2497,?npos@?$basic_string@DU?$char_traits@D@std@@V?$allocator@D@2@@std@@2IB,msvcp90.dll
0x01588488,0x5da6d930,2405,?length@?$basic_string@DU?$char_traits@D@std@@V?$allocator@D@2@@std@@QBEIXZ,msvcp90.dll
0x0158848C,0x5da657e5,1646,?compare@?$basic_string@DU?$char_traits@D@std@@V?$allocator@D@2@@std@@QBEHIIPBDI@Z,msvcp90.dll
0x01588490,0x5da68b60,2022,?fail@ios_base@std@@QBE_NXZ,msvcp90.dll
0x01588494,0x5da68b60,2022,?fail@ios_base@std@@QBE_NXZ,msvcp90.dll
0x01588498,0x5da68b3d,2744,?rdstate@ios_base@std@@QBEHXZ,msvcp90.dll
0x0158849C,0x5da7ac66,1636,?close@?$basic_ofstream@DU?$char_traits@D@std@@@std@@QAEXXZ,msvcp90.dll
0x015884A0,0x5da83744,336,??0?$basic_ofstream@DU?$char_traits@D@std@@@std@@QAE@PBDHH@Z,msvcp90.dll
0x015884A4,0x5da7abdf,1633,?close@?$basic_ifstream@DU?$char_traits@D@std@@@std@@QAEXXZ,msvcp90.dll
0x015884A8,0x5da82ba7,297,??0?$basic_ifstream@DU?$char_traits@D@std@@@std@@QAE@PBDHH@Z,msvcp90.dll
0x015884AC,0x5da8eb26,2745,?read@?$basic_istream@DU?$char_traits@D@std@@@std@@QAEAAV12@PADH@Z,msvcp90.dll
0x015884B0,0x5da710d7,3011,?tellp@?$basic_ostream@DU?$char_traits@D@std@@@std@@QAE?AV?$fpos@H@2@XZ,msvcp90.dll
0x015884B4,0x5da7a7ff,2863,?seekp@?$basic_ostream@DU?$char_traits@D@std@@@std@@QAEAAV12@V?$fpos@H@2@@Z,msvcp90.dll
0x015884B8,0x5da8d91e,3097,?write@?$basic_ostream@DU?$char_traits@D@std@@@std@@QAEAAV12@PBDH@Z,msvcp90.dll
0x015884BC,0x5da7088d,1658,?compare@?$basic_string@_WU?$char_traits@_W@std@@V?$allocator@_W@2@@std@@QBEHIIPB_WI@Z,msvcp90.dll
0x015884C0,0x5da78f11,2985,?substr@?$basic_string@GU?$char_traits@G@std@@V?$allocator@G@2@@std@@QBE?AV12@II@Z,msvcp90.dll
0x015884C4,0x5da74b98,2067,?find_first_of@?$basic_string@_WU?$char_traits@_W@std@@V?$allocator@_W@2@@std@@QBEIABV12@I@Z,msvcp90.dll
0x015884C8,0x5da709a6,2038,?find@?$basic_string@GU?$char_traits@G@std@@V?$allocator@G@2@@std@@QBEIPBGI@Z,msvcp90.dll
0x015884CC,0x5da6d922,1961,?empty@?$basic_string@DU?$char_traits@D@std@@V?$allocator@D@2@@std@@QBE_NXZ,msvcp90.dll
0x015884D0,0x5da74a9a,1968,?end@?$basic_string@GU?$char_traits@G@std@@V?$allocator@G@2@@std@@QAE?AV?$_String_iterator@GU?$char_traits@G@std@@V?$allocator@G@2@@2@XZ,msvcp90.dll
0x015884D4,0x5da74a48,1600,?begin@?$basic_string@GU?$char_traits@G@std@@V?$allocator@G@2@@std@@QAE?AV?$_String_iterator@GU?$char_traits@G@std@@V?$allocator@G@2@@2@XZ,msvcp90.dll
0x015884D8,0x5da6d922,1961,?empty@?$basic_string@DU?$char_traits@D@std@@V?$allocator@D@2@@std@@QBE_NXZ,msvcp90.dll
0x015884DC,0x5da88d56,1030,??_D?$basic_ofstream@DU?$char_traits@D@std@@@std@@QAEXXZ,msvcp90.dll
0x015884E0,0x5da88cf3,1018,??_D?$basic_ifstream@DU?$char_traits@D@std@@@std@@QAEXXZ,msvcp90.dll
0x015884E4,0x5da6506e,1686,?data@?$basic_string@DU?$char_traits@D@std@@V?$allocator@D@2@@std@@QBEPBDXZ,msvcp90.dll
0x015884E8,0x5da65ebb,608,??1?$basic_string@DU?$char_traits@D@std@@V?$allocator@D@2@@std@@QAE@XZ,msvcp90.dll
0x015884EC,0x5da6506e,1686,?data@?$basic_string@DU?$char_traits@D@std@@V?$allocator@D@2@@std@@QBEPBDXZ,msvcp90.dll
0x015884F0,0x5da67286,368,??0?$basic_string@DU?$char_traits@D@std@@V?$allocator@D@2@@std@@QAE@ABV01@@Z,msvcp90.dll
0x015884F4,0x00000000,,,
0x015884F8,0x5da1cc60,860,_set_invalid_parameter_handler,msvcr90.dll
0x015884FC,0x5d9e6292,1448,wprintf_s,msvcr90.dll
0x01588500,0x5d9e338c,886,_snwprintf_s,msvcr90.dll
0x01588504,0x5d9e21b1,1328,printf_s,msvcr90.dll
0x01588508,0x5d9e0b55,428,_fseeki64,msvcr90.dll
0x0158850C,0x5d9d95c1,913,_stat64i32,msvcr90.dll
0x01588510,0x5d9d83cf,306,_chdir,msvcr90.dll
0x01588514,0x5da192b6,822,_read,msvcr90.dll
0x01588518,0x5da177d5,798,_open,msvcr90.dll
0x0158851C,0x5da19c98,1161,_write,msvcr90.dll
0x01588520,0x5da16caa,314,_close,msvcr90.dll
0x01588524,0x5da09405,927,_strlwr,msvcr90.dll
0x01588528,0x5da1cb33,524,_invoke_watson,msvcr90.dll
0x0158852C,0x5da0c32f,55,?_type_info_dtor_internal_method@type_info@@QAEXXZ,msvcr90.dll
0x01588530,0x5da21661,332,_crt_debugger_hook,msvcr90.dll
0x01588534,0x5da21850,372,_except_handler4_common,msvcr90.dll
0x01588538,0x5d9d1be0,226,__set_app_type,msvcr90.dll
0x0158853C,0x5d9d2ace,209,__p__fmode,msvcr90.dll
0x01588540,0x5d9d2a99,205,__p__commode,msvcr90.dll
0x01588544,0x5da4c618,268,_adjust_fdiv,msvcr90.dll
0x01588548,0x5d9d1bff,229,__setusermatherr,msvcr90.dll
0x0158854C,0x5da1df51,317,_configthreadlocale,msvcr90.dll
0x01588550,0x5d9d2211,518,_initterm_e,msvcr90.dll
0x01588554,0x5d9d21ee,517,_initterm,msvcr90.dll
0x01588558,0x5da4ba2c,254,_acmdln,msvcr90.dll
0x0158855C,0x5d9f04e0,550,_ismbblead,msvcr90.dll
0x01588560,0x5da1cf88,104,_XcptFilter,msvcr90.dll
0x01588564,0x5d9d2470,381,_exit,msvcr90.dll
0x01588568,0x5d9d248b,301,_cexit,msvcr90.dll
0x0158856C,0x5d9d2793,161,__getmainargs,msvcr90.dll
0x01588570,0x5d9d2157,278,_amsg_exit,msvcr90.dll
0x01588574,0x5d9d3607,353,_decode_pointer,msvcr90.dll
0x01588578,0x5da1ce5a,797,_onexit,msvcr90.dll
0x0158857C,0x5d9d2efa,631,_lock,msvcr90.dll
0x01588580,0x5d9d3582,363,_encode_pointer,msvcr90.dll
0x01588584,0x5da1ceb7,150,__dllonexit,msvcr90.dll
0x01588588,0x5d9d2e16,999,_unlock,msvcr90.dll
0x0158858C,0x5da0be7b,68,?terminate@@YAXXZ,msvcr90.dll
0x01588590,0x5da247c1,1301,labs,msvcr90.dll
0x01588594,0x5da2b2f0,1326,pow,msvcr90.dll
0x01588598,0x5da33426,1256,frexp,msvcr90.dll
0x0158859C,0x5d9ec9c8,1280,isgraph,msvcr90.dll
0x015885A0,0x5d9ec938,1283,isprint,msvcr90.dll
0x015885A4,0x5d9ec566,1286,isupper,msvcr90.dll
0x015885A8,0x5d9ec5ef,1282,islower,msvcr90.dll
0x015885AC,0x5d9d90e7,912,_stat64,msvcr90.dll
0x015885B0,0x5d9e9dae,502,_gmtime64,msvcr90.dll
0x015885B4,0x5da1f18a,1269,getenv,msvcr90.dll
0x015885B8,0x5da19442,641,_lseeki64,msvcr90.dll
0x015885BC,0x5da179bd,433,_fstat64,msvcr90.dll
0x015885C0,0x5da20c85,233,__sys_nerr,msvcr90.dll
0x015885C4,0x5da24f94,1365,strerror,msvcr90.dll
0x015885C8,0x5d9deb18,1248,fputs,msvcr90.dll
0x015885CC,0x5d9de568,1238,fgets,msvcr90.dll
0x015885D0,0x5d9ebb90,1372,strncpy,msvcr90.dll
0x015885D4,0x5da2b6c4,1353,sqrt,msvcr90.dll
0x015885D8,0x5da2adf0,1226,cos,msvcr90.dll
0x015885DC,0x5d9e6c41,1370,strncat_s,msvcr90.dll
0x015885E0,0x5da2b1d0,82,_CIlog10,msvcr90.dll
0x015885E4,0x5d9eddfb,1315,mbstowcs_s,msvcr90.dll
0x015885E8,0x5d9d4792,1318,memcmp,msvcr90.dll
0x015885EC,0x5da336c0,1324,modf,msvcr90.dll
0x015885F0,0x5d9eb970,1364,strcspn,msvcr90.dll
0x015885F4,0x5d9ebe60,1377,strspn,msvcr90.dll
0x015885F8,0x5d9ec706,1300,isxdigit,msvcr90.dll
0x015885FC,0x5d9da9c4,1182,_wstat64,msvcr90.dll
0x01588600,0x5d9e57d7,1134,_wfopen_s,msvcr90.dll
0x01588604,0x5d9e255b,1342,rewind,msvcr90.dll
0x01588608,0x5d9d8553,369,_errno,msvcr90.dll
0x0158860C,0x5da09cc9,1418,wcscoll,msvcr90.dll
0x01588610,0x5da09fb4,1076,_wcsicoll,msvcr90.dll
0x01588614,0x5da247d8,1307,longjmp,msvcr90.dll
0x01588618,0x5da226f0,868,_setjmp3,msvcr90.dll
0x0158861C,0x5da20b1d,1304,localeconv,msvcr90.dll
0x01588620,0x5d9ee4bf,1379,strtod,msvcr90.dll
0x01588624,0x5da2a95b,320,_controlfp_s,msvcr90.dll
0x01588628,0x5d9d33ef,366,_endthreadex,msvcr90.dll
0x0158862C,0x5da2b070,81,_CIlog,msvcr90.dll
0x01588630,0x5da2af9c,79,_CIexp,msvcr90.dll
0x01588634,0x5d9e7cb4,1225,clock,msvcr90.dll
0x01588638,0x5da0be59,1422,wcsftime,msvcr90.dll
0x0158863C,0x5d9d66a1,986,_ultoa_s,msvcr90.dll
0x01588640,0x5d9e7364,1429,wcsnlen,msvcr90.dll
0x01588644,0x5da243f3,1179,_wsplitpath_s,msvcr90.dll
0x01588648,0x5da23678,1145,_wmakepath_s,msvcr90.dll
0x0158864C,0x5da0e3f0,125,__RTDynamicCast,msvcr90.dll
0x01588650,0x5d9f0676,562,_ismbcdigit,msvcr90.dll
0x01588654,0x5d9f50b0,764,_mbsspn,msvcr90.dll
0x01588658,0x5d9ece70,1297,iswspace,msvcr90.dll
0x0158865C,0x5d9ece02,1292,iswdigit,msvcr90.dll
0x01588660,0x5d9e729e,1421,wcscspn,msvcr90.dll
0x01588664,0x5d9e7839,1434,wcsspn,msvcr90.dll
0x01588668,0x5da0a21b,1080,_wcslwr_s,msvcr90.dll
0x0158866C,0x5da13fe6,272,_aligned_msize,msvcr90.dll
0x01588670,0x5da2acf0,75,_CIatan,msvcr90.dll
0x01588674,0x5d9eb8e0,1360,strcmp,msvcr90.dll
0x01588678,0x5d9eb9c0,1368,strlen,msvcr90.dll
0x0158867C,0x5da2adda,76,_CIatan2,msvcr90.dll
0x01588680,0x5d9e537d,1043,_vsnwprintf_s,msvcr90.dll
0x01588684,0x5d9eb190,1317,memchr,msvcr90.dll
0x01588688,0x5da09e36,1074,_wcsicmp,msvcr90.dll
0x0158868C,0x5d9e799d,1438,wcstok_s,msvcr90.dll
0x01588690,0x5d9d6646,615,_itoa_s,msvcr90.dll
0x01588694,0x5d9e373a,1387,swscanf_s,msvcr90.dll
0x01588698,0x5d9dea07,1247,fputc,msvcr90.dll
0x0158869C,0x5d9de3e5,1234,ferror,msvcr90.dll
0x015886A0,0x5d9ec8a8,1276,isalnum,msvcr90.dll
0x015886A4,0x5d9ec4db,1277,isalpha,msvcr90.dll
0x015886A8,0x5d9eeaa2,948,_strtoui64,msvcr90.dll
0x015886AC,0x5d9eea50,945,_strtoi64,msvcr90.dll
0x015886B0,0x5d9ee70f,1382,strtol,msvcr90.dll
0x015886B4,0x5da1d23f,1348,signal,msvcr90.dll
0x015886B8,0x5da093ca,929,_strlwr_s,msvcr90.dll
0x015886BC,0x5da099fb,953,_strupr_s,msvcr90.dll
0x015886C0,0x5d9d8a5d,480,_getcwd,msvcr90.dll
0x015886C4,0x5d9eed7f,1396,toupper,msvcr90.dll
0x015886C8,0x5da1f212,1270,getenv_s,msvcr90.dll
0x015886CC,0x5d9e9b56,440,_ftime64,msvcr90.dll
0x015886D0,0x5d9e00d9,430,_fsopen,msvcr90.dll
0x015886D4,0x5da096ae,933,_strnicmp,msvcr90.dll
0x015886D8,0x5da090b7,923,_stricmp,msvcr90.dll
0x015886DC,0x5da08f83,1361,strcoll,msvcr90.dll
0x015886E0,0x5d9e9b66,503,_gmtime64_s,msvcr90.dll
0x015886E4,0x5da2aba0,74,_CIasin,msvcr90.dll
0x015886E8,0x5d9ec678,1279,isdigit,msvcr90.dll
0x015886EC,0x5d9ec791,1285,isspace,msvcr90.dll
0x015886F0,0x5d9ebd60,1375,strpbrk,msvcr90.dll
0x015886F4,0x5da2affa,80,_CIfmod,msvcr90.dll
0x015886F8,0x5d9e6ff7,1381,strtok_s,msvcr90.dll
0x015886FC,0x5da229b8,903,_splitpath_s,msvcr90.dll
0x01588700,0x5d9e2253,1331,puts,msvcr90.dll
0x01588704,0x5da2256b,1206,abort,msvcr90.dll
0x01588708,0x5da2aa50,73,_CIacos,msvcr90.dll
0x0158870C,0x5d9d34cd,293,_beginthreadex,msvcr90.dll
0x01588710,0x5da0df18,92,_CxxThrowException,msvcr90.dll
0x01588714,0x5da33300,1241,floor,msvcr90.dll
0x01588718,0x5da33110,1222,ceil,msvcr90.dll
0x0158871C,0x5da2b5c0,84,_CIsin,msvcr90.dll
0x01588720,0x5da2ae30,77,_CIcos,msvcr90.dll
0x01588724,0x5d9eae20,1319,memcpy,msvcr90.dll
0x01588728,0x5da0db6e,115,__CxxFrameHandler,msvcr90.dll
0x0158872C,0x5d9eb680,1323,memset,msvcr90.dll
0x01588730,0x5da2b7b0,87,_CItan,msvcr90.dll
0x01588734,0x5da2b6b0,86,_CIsqrt,msvcr90.dll
0x01588738,0x5da2b330,83,_CIpow,msvcr90.dll
0x0158873C,0x5d9e78ed,1437,wcstok,msvcr90.dll
0x01588740,0x5da0a9b4,1102,_wcsupr,msvcr90.dll
0x01588744,0x5da0a979,1104,_wcsupr_s,msvcr90.dll
0x01588748,0x5d9eb310,1321,memmove,msvcr90.dll
0x0158874C,0x5d9e6f2e,1380,strtok,msvcr90.dll
0x01588750,0x5d9e06a6,1251,fread,msvcr90.dll
0x01588754,0x5d9e4c89,1039,_vsnprintf_s,msvcr90.dll
0x01588758,0x5d9e6a87,919,_strdup,msvcr90.dll
0x0158875C,0x5d9f4df0,756,_mbsrchr,msvcr90.dll
0x01588760,0x5d9e0d95,1261,ftell,msvcr90.dll
0x01588764,0x5d9e0000,1235,fflush,msvcr90.dll
0x01588768,0x5d9ebdb0,1376,strrchr,msvcr90.dll
0x0158876C,0x5d9e6bc8,1358,strcat_s,msvcr90.dll
0x01588770,0x5d9eec21,1395,tolower,msvcr90.dll
0x01588774,0x5d9e144b,1264,fwrite,msvcr90.dll
0x01588778,0x5da24f56,1354,srand,msvcr90.dll
0x0158877C,0x5d9eb810,1359,strchr,msvcr90.dll
0x01588780,0x5d9e0379,1246,fprintf_s,msvcr90.dll
0x01588784,0x5d9e311f,1356,sscanf_s,msvcr90.dll
0x01588788,0x5d9f2d32,680,_mbschr,msvcr90.dll
0x0158878C,0x5d9f334d,692,_mbsicmp,msvcr90.dll
0x01588790,0x5d9f0cfc,584,_ismbcspace,msvcr90.dll
0x01588794,0x5d9de27a,696,_mbsinc,msvcr90.dll
0x01588798,0x5d9e01be,1244,fopen_s,msvcr90.dll
0x0158879C,0x5d9ee761,1383,strtoul,msvcr90.dll
0x015887A0,0x5d9e4840,1027,_vscprintf,msvcr90.dll
0x015887A4,0x5d9e6ba6,1374,strnlen,msvcr90.dll
0x015887A8,0x5d9f5304,768,_mbsstr,msvcr90.dll
0x015887AC,0x5d9d8b05,788,_mkdir,msvcr90.dll
0x015887B0,0x5d9e30d0,1355,sscanf,msvcr90.dll
0x015887B4,0x5d9d87d4,443,_fullpath,msvcr90.dll
0x015887B8,0x5d9e0a2a,1259,fseek,msvcr90.dll
0x015887BC,0x5d9e4821,1407,vsprintf,msvcr90.dll
0x015887C0,0x5d9dfc61,1232,fclose,msvcr90.dll
0x015887C4,0x5d9e01a2,1243,fopen,msvcr90.dll
0x015887C8,0x5da13f03,17,??3@YAXPAX@Z,msvcr90.dll
0x015887CC,0x5da1405f,271,_aligned_malloc,msvcr90.dll
0x015887D0,0x5da14040,270,_aligned_free,msvcr90.dll
0x015887D4,0x5da13f23,33,??_V@YAXPAX@Z,msvcr90.dll
0x015887D8,0x5da0bbf6,1367,strftime,msvcr90.dll
0x015887DC,0x5da219d7,812,_purecall,msvcr90.dll
0x015887E0,0x5da0bfb4,8,??0exception@std@@QAE@ABV01@@Z,msvcr90.dll
0x015887E4,0x5da0c091,71,?what@exception@std@@UBEPBDXZ,msvcr90.dll
0x015887E8,0x5da0c076,13,??1exception@std@@UAE@XZ,msvcr90.dll
0x015887EC,0x5da0bf3a,6,??0exception@std@@QAE@ABQBD@Z,msvcr90.dll
0x015887F0,0x5da1ccc9,523,_invalid_parameter_noinfo,msvcr90.dll
0x015887F4,0x5da0bf24,9,??0exception@std@@QAE@XZ,msvcr90.dll
0x015887F8,0x5d9e497e,1035,_vsnprintf,msvcr90.dll
0x015887FC,0x5da31a37,409,_fpclass,msvcr90.dll
0x01588800,0x5da13d3f,1308,malloc,msvcr90.dll
0x01588804,0x5da16415,1339,realloc,msvcr90.dll
0x01588808,0x5da13b4e,1253,free,msvcr90.dll
0x0158880C,0x5d9e2e73,1351,sprintf,msvcr90.dll
0x01588810,0x5d9e69a3,1320,memcpy_s,msvcr90.dll
0x01588814,0x5d9e6ae1,1371,strncmp,msvcr90.dll
0x01588818,0x5d9ed377,1215,atof,msvcr90.dll
0x0158881C,0x5d9e20c1,1327,printf,msvcr90.dll
0x01588820,0x5d9e6a25,1322,memmove_s,msvcr90.dll
0x01588824,0x5d9e2f16,1352,sprintf_s,msvcr90.dll
0x01588828,0x5d9e3369,1385,swprintf_s,msvcr90.dll
0x0158882C,0x5d9e7141,1415,wcscat_s,msvcr90.dll
0x01588830,0x5d9e722a,1420,wcscpy_s,msvcr90.dll
0x01588834,0x5d9e2998,874,_snprintf,msvcr90.dll
0x01588838,0x5d9e4de4,1041,_vsnwprintf,msvcr90.dll
0x0158883C,0x5d9e7524,1427,wcsncpy,msvcr90.dll
0x01588840,0x5d9e4ea4,1049,_vswprintf,msvcr90.dll
0x01588844,0x5da249c0,1334,qsort,msvcr90.dll
0x01588848,0x5d9e9dda,630,_localtime64_s,msvcr90.dll
0x0158884C,0x5d9ea4ac,971,_time64,msvcr90.dll
0x01588850,0x5d9e518b,1051,_vswprintf_c_l,msvcr90.dll
0x01588854,0x5da24f6d,1337,rand,msvcr90.dll
0x01588858,0x5d9f00b5,1192,_wtof,msvcr90.dll
0x0158885C,0x5d9e7573,1428,wcsncpy_s,msvcr90.dll
0x01588860,0x5d9d637a,1194,_wtoi,msvcr90.dll
0x01588864,0x5d9d60ad,1216,atoi,msvcr90.dll
0x01588868,0x5d9e7887,1435,wcsstr,msvcr90.dll
0x0158886C,0x5da13c40,1221,calloc,msvcr90.dll
0x01588870,0x5da162a2,824,_recalloc,msvcr90.dll
0x01588874,0x5d9e524a,1409,vswprintf_s,msvcr90.dll
0x01588878,0x5d9e4b5b,1408,vsprintf_s,msvcr90.dll
0x0158887C,0x5d9f2e7a,682,_mbscmp,msvcr90.dll
0x01588880,0x5d9d6874,616,_itow,msvcr90.dll
0x01588884,0x5d9e4f2f,1031,_vscwprintf,msvcr90.dll
0x01588888,0x5d9e6d0a,1363,strcpy_s,msvcr90.dll
0x0158888C,0x5da13e99,15,??2@YAPAXI@Z,msvcr90.dll
0x01588890,0x5d9e774a,1431,wcsrchr,msvcr90.dll
0x01588894,0x5d9e71c3,1416,wcschr,msvcr90.dll
0x01588898,0x5d9edcb7,1314,mbstowcs,msvcr90.dll
0x0158889C,0x5da21a06,864,_set_purecall_handler,msvcr90.dll
0x015888A0,0x5da14288,276,_aligned_realloc,msvcr90.dll
0x015888A4,0x5d9e0216,1245,fprintf,msvcr90.dll
0x015888A8,0x5d9df1c3,163,__iob_func,msvcr90.dll
0x015888AC,0x5d9ebeb0,1378,strstr,msvcr90.dll
0x015888B0,0x5d9e2f5d,878,_snprintf_s,msvcr90.dll
0x015888B4,0x5d9ea097,629,_localtime64,msvcr90.dll
0x015888B8,0x5d9d2455,1229,exit,msvcr90.dll
0x015888BC,0x5d9e6d77,1373,strncpy_s,msvcr90.dll
0x015888C0,0x5d9e61a2,1447,wprintf,msvcr90.dll
0x015888C4,0x5da22967,902,_splitpath,msvcr90.dll
0x015888C8,0x00000000,,,
0x015888CC,0x6f694e70,4,GetAcceptExSockaddrs,mswsock.dll
0x015888D0,0x00000000,,,
0x015888D4,0x5daf62c0,2,Ordinal#2,ngclient.aes
0x015888D8,0x5daf6320,1,Ordinal#1,ngclient.aes
0x015888DC,0x00000000,,,
0x015888E0,0x5ba911b0,1,NIGS_1,neomon.dll
0x015888E4,0x5ba914d0,6,NIGS_6,neomon.dll
0x015888E8,0x5ba91490,5,NIGS_5,neomon.dll
0x015888EC,0x5ba91200,2,NIGS_2,neomon.dll
0x015888F0,0x5ba91380,3,NIGS_3,neomon.dll
0x015888F4,0x5ba91480,4,NIGS_4,neomon.dll
0x015888F8,0x5ba914b0,7,NIGS_7,neomon.dll
0x015888FC,0x00000000,,,
0x01588900,0x758b6520,149,SysStringByteLen,oleaut32.dll
0x01588904,0x758bf620,150,SysAllocStringByteLen,oleaut32.dll
0x01588908,0x758d6dc0,200,GetErrorInfo,oleaut32.dll
0x0158890C,0x758b3d70,8,VariantInit,oleaut32.dll
0x01588910,0x758bd7d0,12,VariantChangeType,oleaut32.dll
0x01588914,0x758d6dd0,201,SetErrorInfo,oleaut32.dll
0x01588918,0x758d6db0,202,CreateErrorInfo,oleaut32.dll
0x0158891C,0x758bfa70,2,SysAllocString,oleaut32.dll
0x01588920,0x758bec30,6,SysFreeString,oleaut32.dll
0x01588924,0x758be9e0,9,VariantClear,oleaut32.dll
0x01588928,0x758b3f50,7,SysStringLen,oleaut32.dll
0x0158892C,0x00000000,,,
0x01588930,0x759c1480,22,GetProcessMemoryInfo,psapi.dll
0x01588934,0x00000000,,,
0x01588938,0x5bfb9a10,10,NxReleasePhysicsSDK,physxloader.dll
0x0158893C,0x5bfb9940,9,NxGetUtilLib,physxloader.dll
0x01588940,0x5bfba120,2,NxCreatePhysicsSDK,physxloader.dll
0x01588944,0x00000000,,,
0x01588948,0x75b9a060,1550,UuidToStringA,rpcrt4.dll
0x0158894C,0x75b58160,1551,UuidToStringW,rpcrt4.dll
0x01588950,0x75b57fa0,1533,RpcStringFreeW,rpcrt4.dll
0x01588954,0x75b99fc0,1546,UuidFromStringA,rpcrt4.dll
0x01588958,0x75b59f60,1532,RpcStringFreeA,rpcrt4.dll
0x0158895C,0x75b5be90,1542,UuidCreate,rpcrt4.dll
0x01588960,0x00000000,,,
0x01588964,0x754242b0,505,SHGetFolderPathW,shell32.dll
0x01588968,0x00000000,,,
0x0158896C,0x76895280,666,PathFindExtensionW,shlwapi.dll
0x01588970,0x76895950,732,PathRemoveExtensionW,shlwapi.dll
0x01588974,0x768963a0,624,PathAppendW,shlwapi.dll
0x01588978,0x768959c0,696,PathIsRelativeW,shlwapi.dll
0x0158897C,0x76897830,653,PathCombineW,shlwapi.dll
0x01588980,0x7689e3a0,652,PathCombineA,shlwapi.dll
0x01588984,0x7689e360,650,PathCanonicalizeA,shlwapi.dll
0x01588988,0x7689e940,743,PathStripPathA,shlwapi.dll
0x0158898C,0x768935f0,850,StrCmpW,shlwapi.dll
0x01588990,0x768a71d0,837,StrCatW,shlwapi.dll
0x01588994,0x00000000,,,
0x01588998,0x7621fcb0,2119,LoadStringW,user32.dll
0x0158899C,0x76205bf0,2118,LoadStringA,user32.dll
0x015889A0,0x76220240,1867,GetKeyboardLayout,user32.dll
0x015889A4,0x7626b160,1869,GetKeyboardLayoutNameA,user32.dll
0x015889A8,0x76221c90,1505,ActivateKeyboardLayout,user32.dll
0x015889AC,0x76222690,1868,GetKeyboardLayoutList,user32.dll
0x015889B0,0x76223010,2289,SendInput,user32.dll
0x015889B4,0x7620b970,2142,MapVirtualKeyW,user32.dll
0x015889B8,0x76215c80,1989,GetWindowInfo,user32.dll
0x015889BC,0x76261b90,2156,MessageBoxW,user32.dll
0x015889C0,0x76222580,1826,GetCursorInfo,user32.dll
0x015889C4,0x7620a340,2431,ToUnicodeEx,user32.dll
0x015889C8,0x770386d0,702,DefWindowProcW,user32.dll
0x015889CC,0x76209c60,2448,UnregisterClassA,user32.dll
0x015889D0,0x76261670,2149,MessageBoxA,user32.dll
0x015889D4,0x76208240,2499,wsprintfW,user32.dll
0x015889D8,0x7621f770,2358,SetRect,user32.dll
0x015889DC,0x770386c0,701,DefWindowProcA,user32.dll
0x015889E0,0x762230a0,2299,SetCapture,user32.dll
0x015889E4,0x76221c9c,2308,SetCursor,user32.dll
0x015889E8,0x762233e0,2402,ShowCursor,user32.dll
0x015889EC,0x76209ba0,2267,ReleaseCapture,user32.dll
0x015889F0,0x762210c0,2101,LoadCursorA,user32.dll
0x015889F4,0x76221600,2192,PostQuitMessage,user32.dll
0x015889F8,0x76222070,1522,BeginPaint,user32.dll
0x015889FC,0x76222470,1752,EndPaint,user32.dll
0x01588A00,0x76215ab0,1813,GetClientRect,user32.dll
0x01588A04,0x76204e60,1587,ClientToScreen,user32.dll
0x01588A08,0x762222c0,1690,DestroyWindow,user32.dll
0x01588A0C,0x76209280,2500,wvsprintfA,user32.dll
0x01588A10,0x7620cd30,2403,ShowOwnedPopups,user32.dll
0x01588A14,0x7621c450,2187,PeekMessageW,user32.dll
0x01588A18,0x76222130,1588,ClipCursor,user32.dll
0x01588A1C,0x7620a6d0,2105,LoadIconA,user32.dll
0x01588A20,0x76202ae0,2236,RegisterClassA,user32.dll
0x01588A24,0x76215710,1959,GetSystemMetrics,user32.dll
0x01588A28,0x7620c590,1508,AdjustWindowRect,user32.dll
0x01588A2C,0x76208fa0,1627,CreateWindowExA,user32.dll
0x01588A30,0x76208b40,2386,SetWindowLongA,user32.dll
0x01588A34,0x762233b0,2389,SetWindowPos,user32.dll
0x01588A38,0x76223410,2407,ShowWindow,user32.dll
0x01588A3C,0x762152d0,2464,UpdateWindow,user32.dll
0x01588A40,0x76215830,1998,GetWindowRect,user32.dll
0x01588A44,0x7621ad60,1831,GetDesktopWindow,user32.dll
0x01588A48,0x76222c70,2162,MoveWindow,user32.dll
0x01588A4C,0x7621a030,1838,GetDlgItem,user32.dll
0x01588A50,0x76204d00,2290,SendMessageA,user32.dll
0x01588A54,0x7620c470,2099,LoadBitmapA,user32.dll
0x01588A58,0x76222b00,2051,InvalidateRect,user32.dll
0x01588A5C,0x7620b4c0,1750,EndDialog,user32.dll
0x01588A60,0x7623fcc0,1694,DialogBoxParamA,user32.dll
0x01588A64,0x762089e0,1781,FindWindowA,user32.dll
0x01588A68,0x762231a0,2323,SetFocus,user32.dll
0x01588A6C,0x76221470,2324,SetForegroundWindow,user32.dll
0x01588A70,0x76223050,2298,SetActiveWindow,user32.dll
0x01588A74,0x7626ade0,1543,ChangeDisplaySettingsA,user32.dll
0x01588A78,0x7621b200,2439,TranslateMessage,user32.dll
0x01588A7C,0x762088e0,1697,DispatchMessageA,user32.dll
0x01588A80,0x7621d030,1866,GetKeyState,user32.dll
0x01588A84,0x762226a0,1871,GetKeyboardState,user32.dll
0x01588A88,0x7620c250,2428,ToAscii,user32.dll
0x01588A8C,0x7620a130,2173,OpenClipboard,user32.dll
0x01588A90,0x7620cc50,1740,EmptyClipboard,user32.dll
0x01588A94,0x76208cb0,2305,SetClipboardData,user32.dll
0x01588A98,0x7620c190,1589,CloseClipboard,user32.dll
0x01588A9C,0x76209710,2063,IsClipboardFormatAvailable,user32.dll
0x01588AA0,0x7621f960,1828,GetDC,user32.dll
0x01588AA4,0x7620cc00,2306,SetClipboardViewer,user32.dll
0x01588AA8,0x7620cb60,1542,ChangeClipboardChain,user32.dll
0x01588AAC,0x76208b60,1816,GetClipboardData,user32.dll
0x01588AB0,0x023e3673,,,
0x01588AB4,0x76204e20,2201,PtInRect,user32.dll
0x01588AB8,0x7621b600,2172,OffsetRect,user32.dll
0x01588ABC,0x76208900,2421,SystemParametersInfoA,user32.dll
0x01588AC0,0x7621f730,1775,EqualRect,user32.dll
0x01588AC4,0x7620e790,2027,InflateRect,user32.dll
0x01588AC8,0x762061c0,1907,GetPhysicalCursorPos,user32.dll
0x01588ACC,0x76219c70,2280,ScreenToClient,user32.dll
0x01588AD0,0x7621f300,2268,ReleaseDC,user32.dll
0x01588AD4,0x00000000,,,
0x01588AD8,0x74491540,16,VerQueryValueA,version.dll
0x01588ADC,0x74491500,1,GetFileVersionInfoA,version.dll
0x01588AE0,0x74491520,5,GetFileVersionInfoSizeA,version.dll
0x01588AE4,0x00000000,,,
0x01588AE8,0x63730cf0,238,HttpOpenRequestA,wininet.dll
0x01588AEC,0x636b4af0,231,HttpEndRequestA,wininet.dll
0x01588AF0,0x63632ce0,359,InternetWriteFile,wininet.dll
0x01588AF4,0x6370a160,337,InternetSetFilePointer,wininet.dll
0x01588AF8,0x636b8e20,246,HttpSendRequestExA,wininet.dll
0x01588AFC,0x636a1600,267,InternetCloseHandle,wininet.dll
0x01588B00,0x6371da10,196,FtpPutFileA,wininet.dll
0x01588B04,0x6371ddc0,203,FtpSetCurrentDirectoryA,wininet.dll
0x01588B08,0x6371d240,182,FtpCreateDirectoryA,wininet.dll
0x01588B0C,0x63636350,316,InternetOpenA,wininet.dll
0x01588B10,0x63665b10,273,InternetConnectA,wininet.dll
0x01588B14,0x63709f90,302,InternetGetLastResponseInfoA,wininet.dll
0x01588B18,0x00000000,,,
0x01588B1C,0x74ddf870,147,timeBeginPeriod,winmm.dll
0x01588B20,0x74ddf890,148,timeEndPeriod,winmm.dll
0x01588B24,0x74dd3c00,152,timeKillEvent,winmm.dll
0x01588B28,0x74ddf8b0,149,timeGetDevCaps,winmm.dll
0x01588B2C,0x74dd47a0,151,timeGetTime,winmm.dll
0x01588B30,0x74dd38d0,153,timeSetEvent,winmm.dll
0x01588B34,0x00000000,,,
0x01588B38,0x75cf1680,33,ldap_next_attribute,wldap32.dll
0x01588B3C,0x75cd61d0,26,ldap_first_entry,wldap32.dll
0x01588B40,0x75d09740,132,ldap_get_dnA,wldap32.dll
0x01588B44,0x75d0fc80,146,ldap_memfreeA,wldap32.dll
0x01588B48,0x75cdb6f0,38,ldap_value_free,wldap32.dll
0x01588B4C,0x75cd26b0,35,ldap_get_values_len,wldap32.dll
0x01588B50,0x75cf1540,32,ldap_first_attribute,wldap32.dll
0x01588B54,0x75d0fc00,117,ldap_err2stringA,wldap32.dll
0x01588B58,0x75cdb320,41,ldap_msgfree,wldap32.dll
0x01588B5C,0x75d0a560,207,ldap_search_sA,wldap32.dll
0x01588B60,0x75cf4120,60,ldap_simple_bind_s,wldap32.dll
0x01588B64,0x75d01a20,144,ldap_initA,wldap32.dll
0x01588B68,0x75cfb120,211,ldap_set_option,wldap32.dll
0x01588B6C,0x75d09c60,27,ldap_next_entry,wldap32.dll
0x01588B70,0x75cfe7e0,301,ber_free,wldap32.dll
0x01588B74,0x75d0ef70,46,ldap_unbind_s,wldap32.dll
0x01588B78,0x00000000,,,
0x01588B7C,0x76f356e0,9,htons,ws2_32.dll
0x01588B80,0x76f356e0,9,htons,ws2_32.dll
0x01588B84,0x76f357e0,11,inet_addr,ws2_32.dll
0x01588B88,0x76f35940,12,inet_ntoa,ws2_32.dll
0x01588B8C,0x76f5ff10,52,gethostbyname,ws2_32.dll
0x01588B90,0x76f600a0,57,gethostname,ws2_32.dll
0x01588B94,0x76f36400,116,WSACleanup,ws2_32.dll
0x01588B98,0x76f39cc0,115,WSAStartup,ws2_32.dll
0x01588B9C,0x76f458a0,19,send,ws2_32.dll
0x01588BA0,0x76f45ab0,17,recvfrom,ws2_32.dll
0x01588BA4,0x76f42270,6,getsockname,ws2_32.dll
0x01588BA8,0x76f43200,5,getpeername,ws2_32.dll
0x01588BAC,0x76f432b0,22,shutdown,ws2_32.dll
0x01588BB0,0x76f3f3b0,78,WSAIoctl,ws2_32.dll
0x01588BB4,0x76f3f070,21,setsockopt,ws2_32.dll
0x01588BB8,0x76f36010,68,WSAGetOverlappedResult,ws2_32.dll
0x01588BBC,0x76f42520,10,ioctlsocket,ws2_32.dll
0x01588BC0,0x76f35350,8,htonl,ws2_32.dll
0x01588BC4,0x76f5be30,179,inet_pton,ws2_32.dll
0x01588BC8,0x76f45e50,18,select,ws2_32.dll
0x01588BCC,0x76f45960,7,getsockopt,ws2_32.dll
0x01588BD0,0x76f5ce90,177,getnameinfo,ws2_32.dll
0x01588BD4,0x76f35350,8,htonl,ws2_32.dll
0x01588BD8,0x76f357a0,151,__WSAFDIsSet,ws2_32.dll
0x01588BDC,0x76f3cbc0,120,WSASocketW,ws2_32.dll
0x01588BE0,0x76f3c990,23,socket,ws2_32.dll
0x01588BE4,0x76f3ea60,3,closesocket,ws2_32.dll
0x01588BE8,0x76f469c0,1,accept,ws2_32.dll
0x01588BEC,0x76f45710,4,connect,ws2_32.dll
0x01588BF0,0x76f3ed70,91,WSARecv,ws2_32.dll
0x01588BF4,0x76f47050,93,WSARecvFrom,ws2_32.dll
0x01588BF8,0x76f3dff0,96,WSASend,ws2_32.dll
0x01588BFC,0x76f45d90,13,listen,ws2_32.dll
0x01588C00,0x76f3c860,67,WSAEventSelect,ws2_32.dll
0x01588C04,0x76f65820,99,WSASendTo,ws2_32.dll
0x01588C08,0x76f46160,20,sendto,ws2_32.dll
0x01588C0C,0x76f3d890,2,bind,ws2_32.dll
0x01588C10,0x76f36250,112,WSASetLastError,ws2_32.dll
0x01588C14,0x76f423a0,16,recv,ws2_32.dll
0x01588C18,0x76f37580,27,FreeAddrInfoW,ws2_32.dll
0x01588C1C,0x76f3a810,176,getaddrinfo,ws2_32.dll
0x01588C20,0x76f35d50,111,WSAGetLastError,ws2_32.dll
0x01588C24,0x00000000,,,
0x01588C28,0x5ea3ef35,127,??1WebPreferences@Awesomium@@QAE@XZ,awesomium.dll
0x01588C2C,0x5ea67ba3,56,??0WebConfig@Awesomium@@QAE@XZ,awesomium.dll
0x01588C30,0x5ea3edb3,118,??1WebConfig@Awesomium@@QAE@XZ,awesomium.dll
0x01588C34,0x5ece2d13,294,?height@BitmapSurface@Awesomium@@QBEHXZ,awesomium.dll
0x01588C38,0x5ea69088,168,??4WebString@Awesomium@@QAEAAV01@ABV01@@Z,awesomium.dll
0x01588C3C,0x5ea67cc8,237,?Initialize@WebCore@Awesomium@@SAPAV12@ABUWebConfig@2@@Z,awesomium.dll
0x01588C40,0x5ea690a2,225,?CreateFromUTF8@WebString@Awesomium@@SA?AV12@PBDI@Z,awesomium.dll
0x01588C44,0x5ea68e76,129,??1WebString@Awesomium@@QAE@XZ,awesomium.dll
0x01588C48,0x5ef66f54,320,?width@BitmapSurface@Awesomium@@QBEHXZ,awesomium.dll
0x01588C4C,0x5ef25d54,290,?buffer@BitmapSurface@Awesomium@@QBEPBEXZ,awesomium.dll
0x01588C50,0x5ea8f3d5,131,??1WebURL@Awesomium@@QAE@XZ,awesomium.dll
0x01588C54,0x5ea66033,93,??0WebURL@Awesomium@@QAE@ABVWebString@1@@Z,awesomium.dll
0x01588C58,0x5ea61eb9,77,??0WebPreferences@Awesomium@@QAE@XZ,awesomium.dll
0x01588C5C,0x5ea67d0f,273,?Shutdown@WebCore@Awesomium@@SAXXZ,awesomium.dll
0x01588C60,0x00000000,,,
0x01588C64,0x652fcd30,28,D3DPERF_EndEvent,d3d9.dll
0x01588C68,0x652fccf0,27,D3DPERF_BeginEvent,d3d9.dll
0x01588C6C,0x652a4b20,37,Direct3DCreate9,d3d9.dll
0x01588C70,0x00000000,,,
0x01588C74,0x5bef7ab6,5,D3DX10CompileFromMemory,d3dx10_42.dll
0x01588C78,0x5bf178f9,57,D3DX10LoadTextureFromTexture,d3dx10_42.dll
0x01588C7C,0x5bf19600,66,D3DX10SaveTextureToMemory,d3dx10_42.dll
0x01588C80,0x00000000,,,
0x01588C84,0x5d897d62,159,D3DXGetShaderVersion,d3dx9_42.dll
0x01588C88,0x5d897d79,155,D3DXGetShaderInputSemantics,d3dx9_42.dll
0x01588C8C,0x5d897ac4,152,D3DXGetPixelShaderProfile,d3dx9_42.dll
0x01588C90,0x5d897b86,160,D3DXGetVertexShaderProfile,d3dx9_42.dll
0x01588C94,0x5d87cc2d,184,D3DXLoadSurfaceFromSurface,d3dx9_42.dll
0x01588C98,0x5d87a86d,278,D3DXSaveSurfaceToFileInMemory,d3dx9_42.dll
0x01588C9C,0x5d87eae5,111,D3DXCreateVolumeTextureFromFileInMemory,d3dx9_42.dll
0x01588CA0,0x5d87e8ba,41,D3DXCreateCubeTextureFromFileInMemory,d3dx9_42.dll
0x01588CA4,0x5d87e6a7,97,D3DXCreateTextureFromFileInMemory,d3dx9_42.dll
0x01588CA8,0x5d87a5d3,148,D3DXGetImageInfoFromFileInMemory,d3dx9_42.dll
0x01588CAC,0x5d7ef84f,327,D3DXVec4Transform,d3dx9_42.dll
0x01588CB0,0x5d7efcd5,223,D3DXMatrixTranspose,d3dx9_42.dll
0x01588CB4,0x5d7d9262,35,D3DXCreateBuffer,d3dx9_42.dll
0x01588CB8,0x5d89980c,154,D3DXGetShaderConstantTableEx,d3dx9_42.dll
0x01588CBC,0x5d8995b3,14,D3DXCompileShader,d3dx9_42.dll
0x01588CC0,0x5d898c98,1,D3DXAssembleShader,d3dx9_42.dll
0x01588CC4,0x5d87dfcd,42,D3DXCreateCubeTextureFromFileInMemoryEx,d3dx9_42.dll
0x01588CC8,0x5d87e011,112,D3DXCreateVolumeTextureFromFileInMemoryEx,d3dx9_42.dll
0x01588CCC,0x5d8a0caa,49,D3DXCreateEffect,d3dx9_42.dll
0x01588CD0,0x5d89fcd6,50,D3DXCreateEffectCompiler,d3dx9_42.dll
0x01588CD4,0x5d7f1cec,246,D3DXQuaternionSlerp,d3dx9_42.dll
0x01588CD8,0x5d87e48a,280,D3DXSaveTextureToFileA,d3dx9_42.dll
0x01588CDC,0x5d87a825,277,D3DXSaveSurfaceToFileA,d3dx9_42.dll
0x01588CE0,0x5d7ef08e,309,D3DXVec3CatmullRom,d3dx9_42.dll
0x01588CE4,0x5d7d8cfa,65,D3DXCreateFontA,d3dx9_42.dll
0x01588CE8,0x5d87e4ed,95,D3DXCreateTextureFromFileExA,d3dx9_42.dll
0x01588CEC,0x5d7d8a28,89,D3DXCreateSprite,d3dx9_42.dll
0x01588CF0,0x5d7efa75,199,D3DXMatrixMultiply,d3dx9_42.dll
0x01588CF4,0x5d7d8c17,70,D3DXCreateLine,d3dx9_42.dll
0x01588CF8,0x5d7f04c2,222,D3DXMatrixTranslation,d3dx9_42.dll
0x01588CFC,0x5d7f0435,218,D3DXMatrixScaling,d3dx9_42.dll
0x01588D00,0x5d7f0681,217,D3DXMatrixRotationZ,d3dx9_42.dll
0x01588D04,0x5d7efff2,196,D3DXMatrixInverse,d3dx9_42.dll
0x01588D08,0x00000000,,,
0x01588D0C,0x6bd3b910,2,MiniDumpWriteDump,dbgcore.dll
0x01588D10,0x00000000,,,
0x01588D14,0x5c0cc520,149,?getSystemObject@EventSystem@FMOD@@QAG?AW4FMOD_RESULT@@PAPAVSystem@2@@Z,fmod_event.dll
0x01588D18,0x5c0cc3c0,172,?init@EventSystem@FMOD@@QAG?AW4FMOD_RESULT@@HIPAXI@Z,fmod_event.dll
0x01588D1C,0x5c0b7450,262,?start@Event@FMOD@@QAG?AW4FMOD_RESULT@@XZ,fmod_event.dll
0x01588D20,0x5c0ac220,382,FMOD_EventSystem_Create,fmod_event.dll
0x01588D24,0x5c0b7580,129,?getPropertyByIndex@Event@FMOD@@QAG?AW4FMOD_RESULT@@HPAX_N@Z,fmod_event.dll
0x01588D28,0x5c0ccba0,199,?set3DListenerAttributes@EventSystem@FMOD@@QAG?AW4FMOD_RESULT@@HPBUFMOD_VECTOR@@000@Z,fmod_event.dll
0x01588D2C,0x5c0cc550,80,?getMusicSystem@EventSystem@FMOD@@QAG?AW4FMOD_RESULT@@PAPAVMusicSystem@2@@Z,fmod_event.dll
0x01588D30,0x5c0cc610,176,?load@EventSystem@FMOD@@QAG?AW4FMOD_RESULT@@PBDPAUFMOD_EVENT_LOADINFO@@PAPAVEventProject@2@@Z,fmod_event.dll
0x01588D34,0x5c0b7930,201,?set3DOcclusion@Event@FMOD@@QAG?AW4FMOD_RESULT@@MM@Z,fmod_event.dll
0x01588D38,0x5c0b78b0,196,?set3DAttributes@Event@FMOD@@QAG?AW4FMOD_RESULT@@PBUFMOD_VECTOR@@00@Z,fmod_event.dll
0x01588D3C,0x5c0b7540,126,?getProperty@Event@FMOD@@QAG?AW4FMOD_RESULT@@PBDPAX_N@Z,fmod_event.dll
0x01588D40,0x5c0b7750,166,?getVolume@Event@FMOD@@QAG?AW4FMOD_RESULT@@PAM@Z,fmod_event.dll
0x01588D44,0x5c0b7720,257,?setVolume@Event@FMOD@@QAG?AW4FMOD_RESULT@@M@Z,fmod_event.dll
0x01588D48,0x5c0b78f0,19,?get3DAttributes@Event@FMOD@@QAG?AW4FMOD_RESULT@@PAUFMOD_VECTOR@@00@Z,fmod_event.dll
0x01588D4C,0x5c0b7a00,242,?setUserData@Event@FMOD@@QAG?AW4FMOD_RESULT@@PAX@Z,fmod_event.dll
0x01588D50,0x5c0b7a30,150,?getUserData@Event@FMOD@@QAG?AW4FMOD_RESULT@@PAPAX@Z,fmod_event.dll
0x01588D54,0x5c0cca20,101,?getNumReverbPresets@EventSystem@FMOD@@QAG?AW4FMOD_RESULT@@PAH@Z,fmod_event.dll
0x01588D58,0x5c0cc9e0,139,?getReverbPresetByIndex@EventSystem@FMOD@@QAG?AW4FMOD_RESULT@@HPAUFMOD_REVERB_PROPERTIES@@PAPAD@Z,fmod_event.dll
0x01588D5C,0x5c0cca50,8,?createReverb@EventSystem@FMOD@@QAG?AW4FMOD_RESULT@@PAPAVEventReverb@2@@Z,fmod_event.dll
0x01588D60,0x5c0cca80,235,?setReverbAmbientProperties@EventSystem@FMOD@@QAG?AW4FMOD_RESULT@@PAUFMOD_REVERB_PROPERTIES@@@Z,fmod_event.dll
0x01588D64,0x5c0ccab0,137,?getReverbAmbientProperties@EventSystem@FMOD@@QAG?AW4FMOD_RESULT@@PAUFMOD_REVERB_PROPERTIES@@@Z,fmod_event.dll
0x01588D68,0x5c0cc400,191,?release@EventSystem@FMOD@@QAG?AW4FMOD_RESULT@@XZ,fmod_event.dll
0x01588D6C,0x5c0cc710,30,?getCategory@EventSystem@FMOD@@QAG?AW4FMOD_RESULT@@PBDPAPAVEventCategory@2@@Z,fmod_event.dll
0x01588D70,0x5c0b73b0,54,?getInfo@Event@FMOD@@QAG?AW4FMOD_RESULT@@PAHPAPADPAUFMOD_EVENT_INFO@@@Z,fmod_event.dll
0x01588D74,0x5c0cc580,212,?setLanguage@EventSystem@FMOD@@QAG?AW4FMOD_RESULT@@PBD@Z,fmod_event.dll
0x01588D78,0x5c0b76e0,204,?setCallback@Event@FMOD@@QAG?AW4FMOD_RESULT@@P6G?AW43@PAUFMOD_EVENT@@W4FMOD_EVENT_CALLBACKTYPE@@PAX22@Z2@Z,fmod_event.dll
0x01588D7C,0x5c0b7480,264,?stop@Event@FMOD@@QAG?AW4FMOD_RESULT@@_N@Z,fmod_event.dll
0x01588D80,0x5c0b74b0,102,?getParameter@Event@FMOD@@QAG?AW4FMOD_RESULT@@PBDPAPAVEventParameter@2@@Z,fmod_event.dll
0x01588D84,0x5c0c5f60,253,?setValue@EventParameter@FMOD@@QAG?AW4FMOD_RESULT@@M@Z,fmod_event.dll
0x01588D88,0x5c0b7a60,146,?getState@Event@FMOD@@QAG?AW4FMOD_RESULT@@PAI@Z,fmod_event.dll
0x01588D8C,0x5c0b7ac0,33,?getChannelGroup@Event@FMOD@@QAG?AW4FMOD_RESULT@@PAPAVChannelGroup@2@@Z,fmod_event.dll
0x01588D90,0x5c0cc430,270,?update@EventSystem@FMOD@@QAG?AW4FMOD_RESULT@@XZ,fmod_event.dll
0x01588D94,0x00000000,,,
0x01588D98,0x5bfd1a1e,6,?NetEventSystem_Update@FMOD@@YG?AW4FMOD_RESULT@@XZ,fmod_event_net.dll
0x01588D9C,0x5bfd478c,5,?NetEventSystem_Shutdown@FMOD@@YG?AW4FMOD_RESULT@@XZ,fmod_event_net.dll
0x01588DA0,0x5bfd1a5f,4,?NetEventSystem_Init@FMOD@@YG?AW4FMOD_RESULT@@PAVEventSystem@1@G@Z,fmod_event_net.dll
0x01588DA4,0x00000000,,,
0x01588DA8,0x5c182c70,7,?addDSP@ChannelGroup@FMOD@@QAG?AW4FMOD_RESULT@@PAVDSP@2@PAPAVDSPConnection@2@@Z,fmodex.dll
0x01588DAC,0x5c183010,266,?setActive@DSP@FMOD@@QAG?AW4FMOD_RESULT@@_N@Z,fmodex.dll
0x01588DB0,0x5c1831b0,305,?setParameter@DSP@FMOD@@QAG?AW4FMOD_RESULT@@HM@Z,fmodex.dll
0x01588DB4,0x5c184cb0,240,?release@System@FMOD@@QAG?AW4FMOD_RESULT@@XZ,fmodex.dll
0x01588DB8,0x5c1849a0,96,?getMaxAudible@SoundGroup@FMOD@@QAG?AW4FMOD_RESULT@@PAH@Z,fmodex.dll
0x01588DBC,0x5c182cd0,57,?getChannel@ChannelGroup@FMOD@@QAG?AW4FMOD_RESULT@@HPAPAVChannel@2@@Z,fmodex.dll
0x01588DC0,0x5c181900,304,?setPan@Channel@FMOD@@QAG?AW4FMOD_RESULT@@M@Z,fmodex.dll
0x01588DC4,0x5c185c10,8,?addDSP@System@FMOD@@QAG?AW4FMOD_RESULT@@PAVDSP@2@PAPAVDSPConnection@2@@Z,fmodex.dll
0x01588DC8,0x5c185400,353,?update@System@FMOD@@QAG?AW4FMOD_RESULT@@XZ,fmodex.dll
0x01588DCC,0x5c182ca0,119,?getName@ChannelGroup@FMOD@@QAG?AW4FMOD_RESULT@@PADH@Z,fmodex.dll
0x01588DD0,0x5c185950,19,?createDSPByType@System@FMOD@@QAG?AW4FMOD_RESULT@@W4FMOD_DSP_TYPE@@PAPAVDSP@2@@Z,fmodex.dll
0x01588DD4,0x5c185690,206,?getVersion@System@FMOD@@QAG?AW4FMOD_RESULT@@PAI@Z,fmodex.dll
0x01588DD8,0x5c184d40,126,?getNumDrivers@System@FMOD@@QAG?AW4FMOD_RESULT@@PAH@Z,fmodex.dll
0x01588DDC,0x5c184ce0,302,?setOutput@System@FMOD@@QAG?AW4FMOD_RESULT@@W4FMOD_OUTPUTTYPE@@@Z,fmodex.dll
0x01588DE0,0x5c184df0,71,?getDriverCaps@System@FMOD@@QAG?AW4FMOD_RESULT@@HPAIPAHPAW4FMOD_SPEAKERMODE@@@Z,fmodex.dll
0x01588DE4,0x5c1850e0,327,?setSpeakerMode@System@FMOD@@QAG?AW4FMOD_RESULT@@W4FMOD_SPEAKERMODE@@@Z,fmodex.dll
0x01588DE8,0x5c185720,81,?getHardwareChannels@System@FMOD@@QAG?AW4FMOD_RESULT@@PAH@Z,fmodex.dll
0x01588DEC,0x5c184ef0,170,?getSoftwareChannels@System@FMOD@@QAG?AW4FMOD_RESULT@@PAH@Z,fmodex.dll
0x01588DF0,0x5c184fa0,274,?setDSPBufferSize@System@FMOD@@QAG?AW4FMOD_RESULT@@IH@Z,fmodex.dll
0x01588DF4,0x5c184d70,72,?getDriverInfo@System@FMOD@@QAG?AW4FMOD_RESULT@@HPADHPAUFMOD_GUID@@@Z,fmodex.dll
0x01588DF8,0x5c184f20,322,?setSoftwareFormat@System@FMOD@@QAG?AW4FMOD_RESULT@@HW4FMOD_SOUND_FORMAT@@HHW4FMOD_DSP_RESAMPLER@@@Z,fmodex.dll
0x01588DFC,0x5c184ec0,321,?setSoftwareChannels@System@FMOD@@QAG?AW4FMOD_RESULT@@H@Z,fmodex.dll
0x01588E00,0x5c182e10,235,?release@DSP@FMOD@@QAG?AW4FMOD_RESULT@@XZ,fmodex.dll
0x01588E04,0x5c182f00,241,?remove@DSP@FMOD@@QAG?AW4FMOD_RESULT@@XZ,fmodex.dll
0x01588E08,0x5c182440,216,?isVirtual@Channel@FMOD@@QAG?AW4FMOD_RESULT@@PA_N@Z,fmodex.dll
0x01588E0C,0x5c183080,270,?setBypass@DSP@FMOD@@QAG?AW4FMOD_RESULT@@_N@Z,fmodex.dll
0x01588E10,0x5c185080,269,?setAdvancedSettings@System@FMOD@@QAG?AW4FMOD_RESULT@@PAUFMOD_ADVANCEDSETTINGS@@@Z,fmodex.dll
0x01588E14,0x5c181f20,256,?set3DMinMaxDistance@Channel@FMOD@@QAG?AW4FMOD_RESULT@@MM@Z,fmodex.dll
0x01588E18,0x00000000,,,
0x01588E1C,0x5bf91f20,6,nxapi_init,nexon_api.dll
0x01588E20,0x5bf91ff0,12,nxapi_shutdown,nexon_api.dll
0x01588E24,0x5bf92050,1,nxapi_get_api,nexon_api.dll
0x01588E28,0x00000000,,,
0x01588E2C,0x76d22bd0,312,CoTaskMemFree,combase.dll
0x01588E30,0x76d32c40,308,CoSetProxyBlanket,combase.dll
0x01588E34,0x76d3d5a0,269,CoInitializeEx,combase.dll
0x01588E38,0x76d3d5f0,315,CoUninitialize,combase.dll
0x01588E3C,0x76d6ad00,225,CoCreateInstance,combase.dll
0x01588E40,0x75a59cb0,920,CoInitialize,ole32.dll
0x01588E44,0x00000000,,,
0x01588E48,0x5f472de0,1,SteamAPI_Init,steam_api.dll
0x01588E4C,0x5f4731a0,4,SteamFriends,steam_api.dll
0x01588E50,0x5f473110,3,SteamApps,steam_api.dll
0x01588E54,0x5f4730d0,2,SteamAPI_Shutdown,steam_api.dll
0x01588E58,0x5f473210,5,SteamUser,steam_api.dll
0x01588E5C,0x00000000,,,
0x01588E60,0x5f4cdbd0,105,?insertModel@Scene@Umbra@@QAEPBVSceneModel@2@PBMPBGHHHM@Z,umbraoptimizer32.dll
0x01588E64,0x5f4cb730,81,?getOptimizerInfoValue@Umbra@@YAHW4InfoValue@1@@Z,umbraoptimizer32.dll
0x01588E68,0x5f4ccbb0,107,?insertObject@Scene@Umbra@@QAEPBVSceneObject@2@PBVSceneModel@2@ABVMatrix4x4@2@IIW4MatrixFormat@2@W4TriangleWinding@2@PBVVector2@2@PBVVector3@2@5@Z,umbraoptimizer32.dll
