Address,A,B
0x1588000,768EF2A0,75BCF2A0
0x1588004,768EF970,75BCF970
0x1588008,768EF660,75BCF660
0x158800c,768F0160,75BD0160
0x1588010,768EF540,75BCF540
0x1588014,768EF130,75BCF130
0x1588018,768F30E0,75BD30E0
0x158801c,768EF990,75BCF990
0x1588020,768F0920,75BD0920
0x1588024,768EFAF0,75BCFAF0
0x1588028,768EF220,75BCF220
0x158802c,768EF260,75BCF260
0x1588030,768F06F0,75BD06F0
0x1588034,768F39F0,75BD39F0
0x1588038,768EEF10,75BCEF10
0x158803c,768EF150,75BCF150
0x1588040,768EF240,75BCF240
0x1588044,768EEFE0,75BCEFE0
0x1588048,768EF940,75BCF940
0x158804c,768EF580,75BCF580
0x1588050,768EF080,75BCF080
0x1588058,765E5390,76205390
0x1588060,5BF533F0,66DF33F0
0x1588068,638202D0,66C402D0
0x1588070,76646F40,76E56F40
0x1588074,76648690,76E58690
0x1588078,766487D0,76E587D0
0x158807c,76644710,76E54710
0x1588080,76644150,76E54150
0x1588084,76646D90,76E56D90
0x1588088,76646CA0,76E56CA0
0x158808c,76646DE0,76E56DE0
0x1588090,76646890,76E56890
0x1588094,76645880,76E55880
0x1588098,76645170,76E55170
0x158809c,76646E90,76E56E90
0x15880a0,76646FC0,76E56FC0
0x15880a4,766452A0,76E552A0
0x15880a8,76645E80,76E55E80
0x15880ac,76645FC0,76E55FC0
0x15880b0,766450F0,76E550F0
0x15880b4,76648ED0,76E58ED0
0x15880b8,7664AE70,76E5AE70
0x15880bc,76645F50,76E55F50
0x15880c4,767DDB60,765ADB60
0x15880c8,767D5780,765A5780
0x15880cc,767D8FA0,765A8FA0
0x15880d0,767D7550,765A7550
0x15880d4,767DDBB0,765ADBB0
0x15880d8,767D2A80,765A2A80
0x15880dc,767D4260,765A4260
0x15880e0,767DDBE0,765ADBE0
0x15880e4,767DCBD0,765ACBD0
0x15880e8,767D2A30,765A2A30
0x15880ec,767D94D0,765A94D0
0x15880f0,767D95B0,765A95B0
0x15880f4,767DBBA0,765ABBA0
0x15880f8,767D8460,765A8460
0x15880fc,767D8C70,765A8C70
0x1588100,767D9440,765A9440
0x1588104,767DCE00,765ACE00
0x1588108,767D81C0,765A81C0
0x158810c,767D58F0,765A58F0
0x1588114,767011A0,76F911A0
0x1588118,766F8DA0,76F88DA0
0x158811c,76701640,76F91640
0x1588120,76701980,76F91980
0x1588124,766FE1E0,76F8E1E0
0x1588128,767419C0,76FD19C0
0x158812c,766FB750,76F8B750
0x1588130,766FB7D0,76F8B7D0
0x1588134,76702080,76F92080
0x1588138,76700D00,76F90D00
0x158813c,76701A00,76F91A00
0x1588140,766FEAA0,76F8EAA0
0x1588144,76703450,76F93450
0x1588148,767034C0,76F934C0
0x158814c,76703410,76F93410
0x1588150,76700E00,76F90E00
0x1588154,767011B0,76F911B0
0x1588158,767033A0,76F933A0
0x158815c,76703820,76F93820
0x1588160,76703150,76F93150
0x1588164,76715840,76FA5840
0x1588168,76702180,76F92180
0x158816c,767035D0,76F935D0
0x1588170,76703730,76F93730
0x1588174,76739930,76FC9930
0x1588178,767013E0,76F913E0
0x158817c,76701210,76F91210
0x1588180,766F83C0,76F883C0
0x1588184,766F9080,76F89080
0x1588188,766F8C30,76F88C30
0x158818c,767037C0,76F937C0
0x1588190,76703580,76F93580
0x1588194,766F8990,76F88990
0x1588198,76717250,76FA7250
0x158819c,76715C90,76FA5C90
0x15881a0,76701B90,76F91B90
0x15881a4,76716830,76FA6830
0x15881a8,767031A0,76F931A0
0x15881ac,76700960,76F90960
0x15881b0,767032E0,76F932E0
0x15881b4,76703340,76F93340
0x15881b8,767032C0,76F932C0
0x15881bc,766F6230,76F86230
0x15881c0,767032D0,76F932D0
0x15881c4,766FE420,76F8E420
0x15881c8,76700890,76F90890
0x15881cc,767019C0,76F919C0
0x15881d0,767031E0,76F931E0
0x15881d4,76700850,76F90850
0x15881d8,766F9910,76F89910
0x15881dc,766FEA50,76F8EA50
0x15881e0,76701960,76F91960
0x15881e4,76700BA0,76F90BA0
0x15881e8,76703100,76F93100
0x15881ec,767030F0,76F930F0
0x15881f0,766F8880,76F88880
0x15881f4,766F9350,76F89350
0x15881f8,7700C860,77CCC860
0x15881fc,767006E0,76F906E0
0x1588200,76FF6080,77CB6080
0x1588204,766FF620,76F8F620
0x1588208,766FE200,76F8E200
0x158820c,76FF28F0,77CB28F0
0x1588210,76701900,76F91900
0x1588214,76703550,76F93550
0x1588218,767164F0,76FA64F0
0x158821c,766F4E90,76F84E90
0x1588220,766F8FB0,76F88FB0
0x1588224,766F8410,76F88410
0x1588228,76700A20,76F90A20
0x158822c,76701EA0,76F91EA0
0x1588230,76706A40,76F96A40
0x1588234,766F4D30,76F84D30
0x1588238,766F8AE0,76F88AE0
0x158823c,76703380,76F93380
0x1588240,76701FD0,76F91FD0
0x1588244,76701B40,76F91B40
0x1588248,766F2E40,76F82E40
0x158824c,76717140,76FA7140
0x1588250,766F5100,76F85100
0x1588254,76700E90,76F90E90
0x1588258,76700CE0,76F90CE0
0x158825c,76714F40,76FA4F40
0x1588260,76703320,76F93320
0x1588264,767031D0,76F931D0
0x1588268,76702540,76F92540
0x158826c,76702500,76F92500
0x1588270,76702520,76F92520
0x1588274,76703160,76F93160
0x1588278,767153B0,76FA53B0
0x158827c,767152E0,76FA52E0
0x1588280,767152D0,76FA52D0
0x1588284,76715390,76FA5390
0x1588288,76FDB160,77C9B160
0x158828c,76703230,76F93230
0x1588290,7700BDC0,77CCBDC0
0x1588294,766FF660,76F8F660
0x1588298,766FF760,76F8F760
0x158829c,76701F60,76F91F60
0x15882a0,76700940,76F90940
0x15882a4,76700D20,76F90D20
0x15882a8,76702380,76F92380
0x15882ac,76703310,76F93310
0x15882b0,76716500,76FA6500
0x15882b4,76703600,76F93600
0x15882b8,767019A0,76F919A0
0x15882bc,76706A20,76F96A20
0x15882c0,76700F20,76F90F20
0x15882c4,766FE2B0,76F8E2B0
0x15882c8,76700D80,76F90D80
0x15882cc,76700E70,76F90E70
0x15882d0,767010D0,76F910D0
0x15882d4,76701BB0,76F91BB0
0x15882d8,766FE220,76F8E220
0x15882dc,766FE350,76F8E350
0x15882e0,766FF7F0,76F8F7F0
0x15882e4,766FE240,76F8E240
0x15882e8,767010F0,76F910F0
0x15882ec,76700660,76F90660
0x15882f0,766FB4B0,76F8B4B0
0x15882f4,766F2EB0,76F82EB0
0x15882f8,766FEAE0,76F8EAE0
0x15882fc,766FF5E0,76F8F5E0
0x1588300,76700720,76F90720
0x1588304,766FE1B0,76F8E1B0
0x1588308,766FE1C0,76F8E1C0
0x158830c,766FE250,76F8E250
0x1588310,766FE290,76F8E290
0x1588314,766FEB00,76F8EB00
0x1588318,766FFE60,76F8FE60
0x158831c,766F1F60,76F81F60
0x1588320,76715340,76FA5340
0x1588324,77010F30,77CD0F30
0x1588328,76703250,76F93250
0x158832c,76702640,76F92640
0x1588330,76703360,76F93360
0x1588334,767172E0,76FA72E0
0x1588338,76702370,76F92370
0x158833c,766FF630,76F8F630
0x1588340,766FEA80,76F8EA80
0x1588344,76FEE8C0,77CAE8C0
0x1588348,76FF00C0,77CB00C0
0x158834c,76FDFC80,77C9FC80
0x1588350,766FE370,76F8E370
0x1588354,7673AD10,76FCAD10
0x1588358,76FF2360,77CB2360
0x158835c,76FF2310,77CB2310
0x1588360,77018DF0,77CD8DF0
0x1588364,767032F0,76F932F0
0x1588368,76702610,76F92610
0x158836c,76703370,76F93370
0x1588370,767020E0,76F920E0
0x1588374,767008B0,76F908B0
0x1588378,767035F0,76F935F0
0x158837c,767033B0,76F933B0
0x1588380,766FF7D0,76F8F7D0
0x1588384,766F5BD0,76F85BD0
0x1588388,76703DD0,76F93DD0
0x158838c,76701E60,76F91E60
0x1588394,5DA67149,68827149
0x1588398,5DA65E81,68825E81
0x158839c,5DA6132C,6882132C
0x15883a0,5DA6D930,6882D930
0x15883a4,5DA672B6,688272B6
0x15883a8,5DA78A4B,68838A4B
0x15883ac,5DA70993,68830993
0x15883b0,5DA70993,68830993
0x15883b4,5DA76075,68836075
0x15883b8,5DA75AEB,68835AEB
0x15883bc,5DA75974,68835974
0x15883c0,5DA70993,68830993
0x15883c4,5DA75B67,68835B67
0x15883c8,5DA758BA,688358BA
0x15883cc,5DA7C95A,6883C95A
0x15883d0,5DA76059,68836059
0x15883d4,5DA78B0F,68838B0F
0x15883d8,5DA797C3,688397C3
0x15883dc,5DA65345,68825345
0x15883e0,5DA6501F,6882501F
0x15883e4,5DA64EF3,68824EF3
0x15883e8,5DA64EB9,68824EB9
0x15883ec,5DA79BD2,68839BD2
0x15883f0,5DA65468,68825468
0x15883f4,5DA74AC9,68834AC9
0x15883f8,5DA74A71,68834A71
0x15883fc,5DA78B37,68838B37
0x1588400,5DA78DBF,68838DBF
0x1588404,5DA6757A,6882757A
0x1588408,5DA6551F,6882551F
0x158840c,5DA65C72,68825C72
0x1588410,5DA65423,68825423
0x1588414,5DA6D930,6882D930
0x1588418,5DA672DE,688272DE
0x158841c,5DA675A3,688275A3
0x1588420,5DA78DEF,68838DEF
0x1588424,5DA79BB2,68839BB2
0x1588428,5DA761A9,688361A9
0x158842c,5DA65F90,68825F90
0x1588430,5DA65ACB,68825ACB
0x1588434,5DA65A79,68825A79
0x1588438,5DA79BD2,68839BD2
0x158843c,5DA675B3,688275B3
0x1588440,5DA6506E,6882506E
0x1588444,5DA670EB,688270EB
0x1588448,5DA674EC,688274EC
0x158844c,5DA65A03,68825A03
0x1588450,5DA7C9A6,6883C9A6
0x1588454,5DA758F2,688358F2
0x1588458,5DA75952,68835952
0x158845c,5DA6D930,6882D930
0x1588460,5DA704EC,688304EC
0x1588464,5DA65C1A,68825C1A
0x1588468,5DA665D3,688265D3
0x158846c,5DA662AD,688262AD
0x1588470,5DA6620A,6882620A
0x1588474,5DA67306,68827306
0x1588478,5DA6643C,6882643C
0x158847c,5DA76CBF,68836CBF
0x1588480,5DA66C66,68826C66
0x1588484,5DA6132C,6882132C
0x1588488,5DA6D930,6882D930
0x158848c,5DA657E5,688257E5
0x1588490,5DA68B60,68828B60
0x1588494,5DA68B60,68828B60
0x1588498,5DA68B3D,68828B3D
0x158849c,5DA7AC66,6883AC66
0x15884a0,5DA83744,68843744
0x15884a4,5DA7ABDF,6883ABDF
0x15884a8,5DA82BA7,68842BA7
0x15884ac,5DA8EB26,6884EB26
0x15884b0,5DA710D7,688310D7
0x15884b4,5DA7A7FF,6883A7FF
0x15884b8,5DA8D91E,6884D91E
0x15884bc,5DA7088D,6883088D
0x15884c0,5DA78F11,68838F11
0x15884c4,5DA74B98,68834B98
0x15884c8,5DA709A6,688309A6
0x15884cc,5DA6D922,6882D922
0x15884d0,5DA74A9A,68834A9A
0x15884d4,5DA74A48,68834A48
0x15884d8,5DA6D922,6882D922
0x15884dc,5DA88D56,68848D56
0x15884e0,5DA88CF3,68848CF3
0x15884e4,5DA6506E,6882506E
0x15884e8,5DA65EBB,68825EBB
0x15884ec,5DA6506E,6882506E
0x15884f0,5DA67286,68827286
0x15884f8,5DA1CC60,687DCC60
0x15884fc,5D9E6292,687A6292
0x1588500,5D9E338C,687A338C
0x1588504,5D9E21B1,687A21B1
0x1588508,5D9E0B55,687A0B55
0x158850c,5D9D95C1,687995C1
0x1588510,5D9D83CF,687983CF
0x1588514,5DA192B6,687D92B6
0x1588518,5DA177D5,687D77D5
0x158851c,5DA19C98,687D9C98
0x1588520,5DA16CAA,687D6CAA
0x1588524,5DA09405,687C9405
0x1588528,5DA1CB33,687DCB33
0x158852c,5DA0C32F,687CC32F
0x1588530,5DA21661,687E1661
0x1588534,5DA21850,687E1850
0x1588538,5D9D1BE0,68791BE0
0x158853c,5D9D2ACE,68792ACE
0x1588540,5D9D2A99,68792A99
0x1588544,5DA4C618,6880C618
0x1588548,5D9D1BFF,68791BFF
0x158854c,5DA1DF51,687DDF51
0x1588550,5D9D2211,68792211
0x1588554,5D9D21EE,687921EE
0x1588558,5DA4BA2C,6880BA2C
0x158855c,5D9F04E0,687B04E0
0x1588560,5DA1CF88,687DCF88
0x1588564,5D9D2470,68792470
0x1588568,5D9D248B,6879248B
0x158856c,5D9D2793,68792793
0x1588570,5D9D2157,68792157
0x1588574,5D9D3607,68793607
0x1588578,5DA1CE5A,687DCE5A
0x158857c,5D9D2EFA,68792EFA
0x1588580,5D9D3582,68793582
0x1588584,5DA1CEB7,687DCEB7
0x1588588,5D9D2E16,68792E16
0x158858c,5DA0BE7B,687CBE7B
0x1588590,5DA247C1,687E47C1
0x1588594,5DA2B2F0,687EB2F0
0x1588598,5DA33426,687F3426
0x158859c,5D9EC9C8,687AC9C8
0x15885a0,5D9EC938,687AC938
0x15885a4,5D9EC566,687AC566
0x15885a8,5D9EC5EF,687AC5EF
0x15885ac,5D9D90E7,687990E7
0x15885b0,5D9E9DAE,687A9DAE
0x15885b4,5DA1F18A,687DF18A
0x15885b8,5DA19442,687D9442
0x15885bc,5DA179BD,687D79BD
0x15885c0,5DA20C85,687E0C85
0x15885c4,5DA24F94,687E4F94
0x15885c8,5D9DEB18,6879EB18
0x15885cc,5D9DE568,6879E568
0x15885d0,5D9EBB90,687ABB90
0x15885d4,5DA2B6C4,687EB6C4
0x15885d8,5DA2ADF0,687EADF0
0x15885dc,5D9E6C41,687A6C41
0x15885e0,5DA2B1D0,687EB1D0
0x15885e4,5D9EDDFB,687ADDFB
0x15885e8,5D9D4792,68794792
0x15885ec,5DA336C0,687F36C0
0x15885f0,5D9EB970,687AB970
0x15885f4,5D9EBE60,687ABE60
0x15885f8,5D9EC706,687AC706
0x15885fc,5D9DA9C4,6879A9C4
0x1588600,5D9E57D7,687A57D7
0x1588604,5D9E255B,687A255B
0x1588608,5D9D8553,68798553
0x158860c,5DA09CC9,687C9CC9
0x1588610,5DA09FB4,687C9FB4
0x1588614,5DA247D8,687E47D8
0x1588618,5DA226F0,687E26F0
0x158861c,5DA20B1D,687E0B1D
0x1588620,5D9EE4BF,687AE4BF
0x1588624,5DA2A95B,687EA95B
0x1588628,5D9D33EF,687933EF
0x158862c,5DA2B070,687EB070
0x1588630,5DA2AF9C,687EAF9C
0x1588634,5D9E7CB4,687A7CB4
0x1588638,5DA0BE59,687CBE59
0x158863c,5D9D66A1,687966A1
0x1588640,5D9E7364,687A7364
0x1588644,5DA243F3,687E43F3
0x1588648,5DA23678,687E3678
0x158864c,5DA0E3F0,687CE3F0
0x1588650,5D9F0676,687B0676
0x1588654,5D9F50B0,687B50B0
0x1588658,5D9ECE70,687ACE70
0x158865c,5D9ECE02,687ACE02
0x1588660,5D9E729E,687A729E
0x1588664,5D9E7839,687A7839
0x1588668,5DA0A21B,687CA21B
0x158866c,5DA13FE6,687D3FE6
0x1588670,5DA2ACF0,687EACF0
0x1588674,5D9EB8E0,687AB8E0
0x1588678,5D9EB9C0,687AB9C0
0x158867c,5DA2ADDA,687EADDA
0x1588680,5D9E537D,687A537D
0x1588684,5D9EB190,687AB190
0x1588688,5DA09E36,687C9E36
0x158868c,5D9E799D,687A799D
0x1588690,5D9D6646,68796646
0x1588694,5D9E373A,687A373A
0x1588698,5D9DEA07,6879EA07
0x158869c,5D9DE3E5,6879E3E5
0x15886a0,5D9EC8A8,687AC8A8
0x15886a4,5D9EC4DB,687AC4DB
0x15886a8,5D9EEAA2,687AEAA2
0x15886ac,5D9EEA50,687AEA50
0x15886b0,5D9EE70F,687AE70F
0x15886b4,5DA1D23F,687DD23F
0x15886b8,5DA093CA,687C93CA
0x15886bc,5DA099FB,687C99FB
0x15886c0,5D9D8A5D,68798A5D
0x15886c4,5D9EED7F,687AED7F
0x15886c8,5DA1F212,687DF212
0x15886cc,5D9E9B56,687A9B56
0x15886d0,5D9E00D9,687A00D9
0x15886d4,5DA096AE,687C96AE
0x15886d8,5DA090B7,687C90B7
0x15886dc,5DA08F83,687C8F83
0x15886e0,5D9E9B66,687A9B66
0x15886e4,5DA2ABA0,687EABA0
0x15886e8,5D9EC678,687AC678
0x15886ec,5D9EC791,687AC791
0x15886f0,5D9EBD60,687ABD60
0x15886f4,5DA2AFFA,687EAFFA
0x15886f8,5D9E6FF7,687A6FF7
0x15886fc,5DA229B8,687E29B8
0x1588700,5D9E2253,687A2253
0x1588704,5DA2256B,687E256B
0x1588708,5DA2AA50,687EAA50
0x158870c,5D9D34CD,687934CD
0x1588710,5DA0DF18,687CDF18
0x1588714,5DA33300,687F3300
0x1588718,5DA33110,687F3110
0x158871c,5DA2B5C0,687EB5C0
0x1588720,5DA2AE30,687EAE30
0x1588724,5D9EAE20,687AAE20
0x1588728,5DA0DB6E,687CDB6E
0x158872c,5D9EB680,687AB680
0x1588730,5DA2B7B0,687EB7B0
0x1588734,5DA2B6B0,687EB6B0
0x1588738,5DA2B330,687EB330
0x158873c,5D9E78ED,687A78ED
0x1588740,5DA0A9B4,687CA9B4
0x1588744,5DA0A979,687CA979
0x1588748,5D9EB310,687AB310
0x158874c,5D9E6F2E,687A6F2E
0x1588750,5D9E06A6,687A06A6
0x1588754,5D9E4C89,687A4C89
0x1588758,5D9E6A87,687A6A87
0x158875c,5D9F4DF0,687B4DF0
0x1588760,5D9E0D95,687A0D95
0x1588764,5D9E0000,687A0000
0x1588768,5D9EBDB0,687ABDB0
0x158876c,5D9E6BC8,687A6BC8
0x1588770,5D9EEC21,687AEC21
0x1588774,5D9E144B,687A144B
0x1588778,5DA24F56,687E4F56
0x158877c,5D9EB810,687AB810
0x1588780,5D9E0379,687A0379
0x1588784,5D9E311F,687A311F
0x1588788,5D9F2D32,687B2D32
0x158878c,5D9F334D,687B334D
0x1588790,5D9F0CFC,687B0CFC
0x1588794,5D9DE27A,6879E27A
0x1588798,5D9E01BE,687A01BE
0x158879c,5D9EE761,687AE761
0x15887a0,5D9E4840,687A4840
0x15887a4,5D9E6BA6,687A6BA6
0x15887a8,5D9F5304,687B5304
0x15887ac,5D9D8B05,68798B05
0x15887b0,5D9E30D0,687A30D0
0x15887b4,5D9D87D4,687987D4
0x15887b8,5D9E0A2A,687A0A2A
0x15887bc,5D9E4821,687A4821
0x15887c0,5D9DFC61,6879FC61
0x15887c4,5D9E01A2,687A01A2
0x15887c8,5DA13F03,687D3F03
0x15887cc,5DA1405F,687D405F
0x15887d0,5DA14040,687D4040
0x15887d4,5DA13F23,687D3F23
0x15887d8,5DA0BBF6,687CBBF6
0x15887dc,5DA219D7,687E19D7
0x15887e0,5DA0BFB4,687CBFB4
0x15887e4,5DA0C091,687CC091
0x15887e8,5DA0C076,687CC076
0x15887ec,5DA0BF3A,687CBF3A
0x15887f0,5DA1CCC9,687DCCC9
0x15887f4,5DA0BF24,687CBF24
0x15887f8,5D9E497E,687A497E
0x15887fc,5DA31A37,687F1A37
0x1588800,5DA13D3F,687D3D3F
0x1588804,5DA16415,687D6415
0x1588808,5DA13B4E,687D3B4E
0x158880c,5D9E2E73,687A2E73
0x1588810,5D9E69A3,687A69A3
0x1588814,5D9E6AE1,687A6AE1
0x1588818,5D9ED377,687AD377
0x158881c,5D9E20C1,687A20C1
0x1588820,5D9E6A25,687A6A25
0x1588824,5D9E2F16,687A2F16
0x1588828,5D9E3369,687A3369
0x158882c,5D9E7141,687A7141
0x1588830,5D9E722A,687A722A
0x1588834,5D9E2998,687A2998
0x1588838,5D9E4DE4,687A4DE4
0x158883c,5D9E7524,687A7524
0x1588840,5D9E4EA4,687A4EA4
0x1588844,5DA249C0,687E49C0
0x1588848,5D9E9DDA,687A9DDA
0x158884c,5D9EA4AC,687AA4AC
0x1588850,5D9E518B,687A518B
0x1588854,5DA24F6D,687E4F6D
0x1588858,5D9F00B5,687B00B5
0x158885c,5D9E7573,687A7573
0x1588860,5D9D637A,6879637A
0x1588864,5D9D60AD,687960AD
0x1588868,5D9E7887,687A7887
0x158886c,5DA13C40,687D3C40
0x1588870,5DA162A2,687D62A2
0x1588874,5D9E524A,687A524A
0x1588878,5D9E4B5B,687A4B5B
0x158887c,5D9F2E7A,687B2E7A
0x1588880,5D9D6874,68796874
0x1588884,5D9E4F2F,687A4F2F
0x1588888,5D9E6D0A,687A6D0A
0x158888c,5DA13E99,687D3E99
0x1588890,5D9E774A,687A774A
0x1588894,5D9E71C3,687A71C3
0x1588898,5D9EDCB7,687ADCB7
0x158889c,5DA21A06,687E1A06
0x15888a0,5DA14288,687D4288
0x15888a4,5D9E0216,687A0216
0x15888a8,5D9DF1C3,6879F1C3
0x15888ac,5D9EBEB0,687ABEB0
0x15888b0,5D9E2F5D,687A2F5D
0x15888b4,5D9EA097,687AA097
0x15888b8,5D9D2455,68792455
0x15888bc,5D9E6D77,687A6D77
0x15888c0,5D9E61A2,687A61A2
0x15888c4,5DA22967,687E2967
0x15888cc,6F694E70,74FD4E70
0x15888d4,5DAF62C0,688B62C0
0x15888d8,5DAF6320,688B6320
0x15888e0,5BA911B0,108011B0
0x15888e4,5BA914D0,108014D0
0x15888e8,5BA91490,10801490
0x15888ec,5BA91200,10801200
0x15888f0,5BA91380,10801380
0x15888f4,5BA91480,10801480
0x15888f8,5BA914B0,108014B0
0x1588900,758B6520,76DC6520
0x1588904,758BF620,76DCF620
0x1588908,758D6DC0,76DE6DC0
0x158890c,758B3D70,76DC3D70
0x1588910,758BD7D0,76DCD7D0
0x1588914,758D6DD0,76DE6DD0
0x1588918,758D6DB0,76DE6DB0
0x158891c,758BFA70,76DCFA70
0x1588920,758BEC30,76DCEC30
0x1588924,758BE9E0,76DCE9E0
0x1588928,758B3F50,76DC3F50
0x1588930,759C1480,770C1480
0x1588938,5BFB9A10,10009A10
0x158893c,5BFB9940,10009940
0x1588940,5BFBA120,1000A120
0x1588948,75B9A060,7616A060
0x158894c,75B58160,76128160
0x1588950,75B57FA0,76127FA0
0x1588954,75B99FC0,76169FC0
0x1588958,75B59F60,76129F60
0x158895c,75B5BE90,7612BE90
0x1588964,754242B0,774442B0
0x158896c,76895280,75B75280
0x1588970,76895950,75B75950
0x1588974,768963A0,75B763A0
0x1588978,768959C0,75B759C0
0x158897c,76897830,75B77830
0x1588980,7689E3A0,75B7E3A0
0x1588984,7689E360,75B7E360
0x1588988,7689E940,75B7E940
0x158898c,768935F0,75B735F0
0x1588990,768A71D0,75B871D0
0x1588998,7621FCB0,77AFFCB0
0x158899c,76205BF0,77AE5BF0
0x15889a0,76220240,77B00240
0x15889a4,7626B160,77B4B160
0x15889a8,76221C90,77B01C90
0x15889ac,76222690,77B02690
0x15889b0,76223010,77B03010
0x15889b4,7620B970,77AEB970
0x15889b8,76215C80,77AF5C80
0x15889bc,76261B90,77B41B90
0x15889c0,76222580,77B02580
0x15889c4,7620A340,77AEA340
0x15889c8,770386D0,77CF86D0
0x15889cc,76209C60,77AE9C60
0x15889d0,76261670,77B41670
0x15889d4,76208240,77AE8240
0x15889d8,7621F770,77AFF770
0x15889dc,770386C0,77CF86C0
0x15889e0,762230A0,77B030A0
0x15889e4,76221C9C,77B01C9C
0x15889e8,762233E0,77B033E0
0x15889ec,76209BA0,77AE9BA0
0x15889f0,762210C0,77B010C0
0x15889f4,76221600,77B01600
0x15889f8,76222070,77B02070
0x15889fc,76222470,77B02470
0x1588a00,76215AB0,77AF5AB0
0x1588a04,76204E60,77AE4E60
0x1588a08,762222C0,77B022C0
0x1588a0c,76209280,77AE9280
0x1588a10,7620CD30,77AECD30
0x1588a14,7621C450,77AFC450
0x1588a18,76222130,77B02130
0x1588a1c,7620A6D0,77AEA6D0
0x1588a20,76202AE0,77AE2AE0
0x1588a24,76215710,77AF5710
0x1588a28,7620C590,77AEC590
0x1588a2c,76208FA0,77AE8FA0
0x1588a30,76208B40,77AE8B40
0x1588a34,762233B0,77B033B0
0x1588a38,76223410,77B03410
0x1588a3c,762152D0,77AF52D0
0x1588a40,76215830,77AF5830
0x1588a44,7621AD60,77AFAD60
0x1588a48,76222C70,77B02C70
0x1588a4c,7621A030,77AFA030
0x1588a50,76204D00,77AE4D00
0x1588a54,7620C470,77AEC470
0x1588a58,76222B00,77B02B00
0x1588a5c,7620B4C0,77AEB4C0
0x1588a60,7623FCC0,77B1FCC0
0x1588a64,762089E0,77AE89E0
0x1588a68,762231A0,77B031A0
0x1588a6c,76221470,77B01470
0x1588a70,76223050,77B03050
0x1588a74,7626ADE0,77B4ADE0
0x1588a78,7621B200,77AFB200
0x1588a7c,762088E0,77AE88E0
0x1588a80,7621D030,77AFD030
0x1588a84,762226A0,77B026A0
0x1588a88,7620C250,77AEC250
0x1588a8c,7620A130,77AEA130
0x1588a90,7620CC50,77AECC50
0x1588a94,76208CB0,77AE8CB0
0x1588a98,7620C190,77AEC190
0x1588a9c,76209710,77AE9710
0x1588aa0,7621F960,77AFF960
0x1588aa4,7620CC00,77AECC00
0x1588aa8,7620CB60,77AECB60
0x1588aac,76208B60,77AE8B60
0x1588ab4,76204E20,77AE4E20
0x1588ab8,7621B600,77AFB600
0x1588abc,76208900,77AE8900
0x1588ac0,7621F730,77AFF730
0x1588ac4,7620E790,77AEE790
0x1588ac8,762061C0,77AE61C0
0x1588acc,76219C70,77AF9C70
0x1588ad0,7621F300,77AFF300
0x1588ad8,74491540,746E1540
0x1588adc,74491500,746E1500
0x1588ae0,74491520,746E1520
0x1588ae8,63730CF0,753B0CF0
0x1588aec,636B4AF0,75334AF0
0x1588af0,63632CE0,752B2CE0
0x1588af4,6370A160,7538A160
0x1588af8,636B8E20,75338E20
0x1588afc,636A1600,75321600
0x1588b00,6371DA10,7539DA10
0x1588b04,6371DDC0,7539DDC0
0x1588b08,6371D240,7539D240
0x1588b0c,63636350,752B6350
0x1588b10,63665B10,752E5B10
0x1588b14,63709F90,75389F90
0x1588b1c,74DDF870,7431F870
0x1588b20,74DDF890,7431F890
0x1588b24,74DD3C00,74313C00
0x1588b28,74DDF8B0,7431F8B0
0x1588b2c,74DD47A0,743147A0
0x1588b30,74DD38D0,743138D0
0x1588b38,75CF1680,76F41680
0x1588b3c,75CD61D0,76F261D0
0x1588b40,75D09740,76F59740
0x1588b44,75D0FC80,76F5FC80
0x1588b48,75CDB6F0,76F2B6F0
0x1588b4c,75CD26B0,76F226B0
0x1588b50,75CF1540,76F41540
0x1588b54,75D0FC00,76F5FC00
0x1588b58,75CDB320,76F2B320
0x1588b5c,75D0A560,76F5A560
0x1588b60,75CF4120,76F44120
0x1588b64,75D01A20,76F51A20
0x1588b68,75CFB120,76F4B120
0x1588b6c,75D09C60,76F59C60
0x1588b70,75CFE7E0,76F4E7E0
0x1588b74,75D0EF70,76F5EF70
0x1588b7c,76F356E0,76E856E0
0x1588b80,76F356E0,76E856E0
0x1588b84,76F357E0,76E857E0
0x1588b88,76F35940,76E85940
0x1588b8c,76F5FF10,76EAFF10
0x1588b90,76F600A0,76EB00A0
0x1588b94,76F36400,76E86400
0x1588b98,76F39CC0,76E89CC0
0x1588b9c,76F458A0,76E958A0
0x1588ba0,76F45AB0,76E95AB0
0x1588ba4,76F42270,76E92270
0x1588ba8,76F43200,76E93200
0x1588bac,76F432B0,76E932B0
0x1588bb0,76F3F3B0,76E8F3B0
0x1588bb4,76F3F070,76E8F070
0x1588bb8,76F36010,76E86010
0x1588bbc,76F42520,76E92520
0x1588bc0,76F35350,76E85350
0x1588bc4,76F5BE30,76EABE30
0x1588bc8,76F45E50,76E95E50
0x1588bcc,76F45960,76E95960
0x1588bd0,76F5CE90,76EACE90
0x1588bd4,76F35350,76E85350
0x1588bd8,76F357A0,76E857A0
0x1588bdc,76F3CBC0,76E8CBC0
0x1588be0,76F3C990,76E8C990
0x1588be4,76F3EA60,76E8EA60
0x1588be8,76F469C0,76E969C0
0x1588bec,76F45710,76E95710
0x1588bf0,76F3ED70,76E8ED70
0x1588bf4,76F47050,76E97050
0x1588bf8,76F3DFF0,76E8DFF0
0x1588bfc,76F45D90,76E95D90
0x1588c00,76F3C860,76E8C860
0x1588c04,76F65820,76EB5820
0x1588c08,76F46160,76E96160
0x1588c0c,76F3D890,76E8D890
0x1588c10,76F36250,76E86250
0x1588c14,76F423A0,76E923A0
0x1588c18,76F37580,76E87580
0x1588c1c,76F3A810,76E8A810
0x1588c20,76F35D50,76E85D50
0x1588c28,5EA3EF35,6792EF35
0x1588c2c,5EA67BA3,67957BA3
0x1588c30,5EA3EDB3,6792EDB3
0x1588c34,5ECE2D13,67BD2D13
0x1588c38,5EA69088,67959088
0x1588c3c,5EA67CC8,67957CC8
0x1588c40,5EA690A2,679590A2
0x1588c44,5EA68E76,67958E76
0x1588c48,5EF66F54,67E56F54
0x1588c4c,5EF25D54,67E15D54
0x1588c50,5EA8F3D5,6797F3D5
0x1588c54,5EA66033,67956033
0x1588c58,5EA61EB9,67951EB9
0x1588c5c,5EA67D0F,67957D0F
0x1588c64,652FCD30,7254CD30
0x1588c68,652FCCF0,7254CCF0
0x1588c6c,652A4B20,724F4B20
0x1588c74,5BEF7AB6,66CA7AB6
0x1588c78,5BF178F9,66CC78F9
0x1588c7c,5BF19600,66CC9600
0x1588c84,5D897D62,68657D62
0x1588c88,5D897D79,68657D79
0x1588c8c,5D897AC4,68657AC4
0x1588c90,5D897B86,68657B86
0x1588c94,5D87CC2D,6863CC2D
0x1588c98,5D87A86D,6863A86D
0x1588c9c,5D87EAE5,6863EAE5
0x1588ca0,5D87E8BA,6863E8BA
0x1588ca4,5D87E6A7,6863E6A7
0x1588ca8,5D87A5D3,6863A5D3
0x1588cac,5D7EF84F,685AF84F
0x1588cb0,5D7EFCD5,685AFCD5
0x1588cb4,5D7D9262,68599262
0x1588cb8,5D89980C,6865980C
0x1588cbc,5D8995B3,686595B3
0x1588cc0,5D898C98,68658C98
0x1588cc4,5D87DFCD,6863DFCD
0x1588cc8,5D87E011,6863E011
0x1588ccc,5D8A0CAA,68660CAA
0x1588cd0,5D89FCD6,6865FCD6
0x1588cd4,5D7F1CEC,685B1CEC
0x1588cd8,5D87E48A,6863E48A
0x1588cdc,5D87A825,6863A825
0x1588ce0,5D7EF08E,685AF08E
0x1588ce4,5D7D8CFA,68598CFA
0x1588ce8,5D87E4ED,6863E4ED
0x1588cec,5D7D8A28,68598A28
0x1588cf0,5D7EFA75,685AFA75
0x1588cf4,5D7D8C17,68598C17
0x1588cf8,5D7F04C2,685B04C2
0x1588cfc,5D7F0435,685B0435
0x1588d00,5D7F0681,685B0681
0x1588d04,5D7EFFF2,685AFFF2
0x1588d0c,6BD3B910,746BB910
0x1588d14,5C0CC520,66F2C520
0x1588d18,5C0CC3C0,66F2C3C0
0x1588d1c,5C0B7450,66F17450
0x1588d20,5C0AC220,66F0C220
0x1588d24,5C0B7580,66F17580
0x1588d28,5C0CCBA0,66F2CBA0
0x1588d2c,5C0CC550,66F2C550
0x1588d30,5C0CC610,66F2C610
0x1588d34,5C0B7930,66F17930
0x1588d38,5C0B78B0,66F178B0
0x1588d3c,5C0B7540,66F17540
0x1588d40,5C0B7750,66F17750
0x1588d44,5C0B7720,66F17720
0x1588d48,5C0B78F0,66F178F0
0x1588d4c,5C0B7A00,66F17A00
0x1588d50,5C0B7A30,66F17A30
0x1588d54,5C0CCA20,66F2CA20
0x1588d58,5C0CC9E0,66F2C9E0
0x1588d5c,5C0CCA50,66F2CA50
0x1588d60,5C0CCA80,66F2CA80
0x1588d64,5C0CCAB0,66F2CAB0
0x1588d68,5C0CC400,66F2C400
0x1588d6c,5C0CC710,66F2C710
0x1588d70,5C0B73B0,66F173B0
0x1588d74,5C0CC580,66F2C580
0x1588d78,5C0B76E0,66F176E0
0x1588d7c,5C0B7480,66F17480
0x1588d80,5C0B74B0,66F174B0
0x1588d84,5C0C5F60,66F25F60
0x1588d88,5C0B7A60,66F17A60
0x1588d8c,5C0B7AC0,66F17AC0
0x1588d90,5C0CC430,66F2C430
0x1588d98,5BFD1A1E,66E31A1E
0x1588d9c,5BFD478C,66E3478C
0x1588da0,5BFD1A5F,66E31A5F
0x1588da8,5C182C70,68472C70
0x1588dac,5C183010,68473010
0x1588db0,5C1831B0,684731B0
0x1588db4,5C184CB0,68474CB0
0x1588db8,5C1849A0,684749A0
0x1588dbc,5C182CD0,68472CD0
0x1588dc0,5C181900,68471900
0x1588dc4,5C185C10,68475C10
0x1588dc8,5C185400,68475400
0x1588dcc,5C182CA0,68472CA0
0x1588dd0,5C185950,68475950
0x1588dd4,5C185690,68475690
0x1588dd8,5C184D40,68474D40
0x1588ddc,5C184CE0,68474CE0
0x1588de0,5C184DF0,68474DF0
0x1588de4,5C1850E0,684750E0
0x1588de8,5C185720,68475720
0x1588dec,5C184EF0,68474EF0
0x1588df0,5C184FA0,68474FA0
0x1588df4,5C184D70,68474D70
0x1588df8,5C184F20,68474F20
0x1588dfc,5C184EC0,68474EC0
0x1588e00,5C182E10,68472E10
0x1588e04,5C182F00,68472F00
0x1588e08,5C182440,68472440
0x1588e0c,5C183080,68473080
0x1588e10,5C185080,68475080
0x1588e14,5C181F20,68471F20
0x1588e1c,5BF91F20,68391F20
0x1588e20,5BF91FF0,68391FF0
0x1588e24,5BF92050,68392050
0x1588e2c,76D22BD0,75CA2BD0
0x1588e30,76D32C40,75CB2C40
0x1588e34,76D3D5A0,75CBD5A0
0x1588e38,76D3D5F0,75CBD5F0
0x1588e3c,76D6AD00,75CEAD00
0x1588e40,75A59CB0,779E9CB0
0x1588e48,5F472DE0,68E82DE0
0x1588e4c,5F4731A0,68E831A0
0x1588e50,5F473110,68E83110
0x1588e54,5F4730D0,68E830D0
0x1588e58,5F473210,68E83210
0x1588e60,5F4CDBD0,68EDDBD0
0x1588e64,5F4CB730,68EDB730
0x1588e68,5F4CCBB0,68EDCBB0
