patch_addr,mem_old,patch
0xa571ec,90E9CE764576,FF2544835801
0xa577e4,90E9463FEF64,FF25648E5801
0xa577ea,90E9C053EF64,FF25688E5801
0xa577f0,90E9DA63EF64,FF25608E5801
0xa577f6,90E914B9E964,FF25508E5801
0xa577fc,90E99EB9E964,FF254C8E5801
0xa57802,90E9D8B5E964,FF25488E5801
0xa57808,90E902BAE964,FF25588E5801
0xa5780e,90E9BCB8E964,FF25548E5801
0xa57814,90E988184064,FF25408C5801
0xa5781a,90E956164064,FF25448C5801
0xa57820,90E9E9044064,FF255C8C5801
0xa57826,90E977034064,FF252C8C5801
0xa5782c,90E956184064,FF25388C5801
0xa57832,90E990044064,FF253C8C5801
0xa57838,90E97BA63F64,FF25588C5801
0xa5783e,90E9EFE73F64,FF25548C5801
0xa57844,90E98B7B4264,FF25508C5801
0xa5784a,90E9E5763D64,FF25288C5801
0xa57850,90E95D753D64,FF25308C5801
0xa57856,90E9B7B46764,FF25348C5801
0xa5785c,90E9F2F68F64,FF25488C5801
0xa57862,90E9ECE48B64,FF254C8C5801
0xa57868,90E9B2EA4663,FF25D8885801
0xa5786e,90E94CEA4663,FF25D4885801
0xa57874,90E9E64F4776,FF25F8815801
0xa5787a,90E900844476,FF254C835801
0xa57880,90E93A884576,FF2548835801
0xa57886,90E934704576,FF2544835801
0xa5788c,90E9EE714D75,FF2540835801
0xa57892,90E968724D75,FF2514835801
0xa57898,90E9F2694D75,FF2510835801
0xa5789e,90E9AC694D75,FF250C835801
0xa578a4,90E916694D75,FF2508835801
0xa578aa,90E900694D75,FF2504835801
0xa578b0,90E96A8E4D75,FF2500835801
0xa578b6,90E9247D4D75,FF25FC825801
0xa578bc,90E91E724D75,FF25F8825801
0xa578c2,90E9E8B54C75,FF25F4825801
0xa578c8,90E9E23B4D75,FF25F0825801
0xa578ce,90E98C8D4D75,FF25EC825801
0xa578d4,90E916984D75,FF25E8825801
0xa578da,90E960694D75,FF25E4825801
0xa578e0,90E90A7F4D75,FF25E0825801
0xa578e6,90E9646A4D75,FF25DC825801
0xa578ec,90E92E694D75,FF25D8825801
0xa578f2,90E9B8A24D75,FF25D4825801
0xa578f8,90E9D2974D75,FF25D0825801
0xa578fe,90E96C954D75,FF25CC825801
0xa57904,90E976944D75,FF25C8825801
0xa5790a,90E9A0694D75,FF25C4825801
0xa57910,90E9CA8D4D75,FF25FC815801
0xa57916,90E9341A4D75,FF25F4815801
0xa5791c,90E95E0F4D75,FF25F0815801
0xa57922,90E9C8B74D75,FF25EC815801
0xa57928,90E9D2B74D75,FF25E8815801
0xa5792e,90E96C924D75,FF25E4815801
0xa57934,90E926A04D75,FF25E0815801
0xa5793a,90E910714D75,FF25DC815801
0xa57940,90E9CA1F4D75,FF25D8815801
0xa57946,90E9048F4D75,FF25D4815801
0xa5794c,90E98EB84D75,FF25D0815801
0xa57952,90E968A04D75,FF25CC815801
0xa57958,90E9328F4D75,FF25C8815801
0xa5795e,90E9BC6A4D75,FF25C4815801
0xa57964,90E9066A4D75,FF2550835801
0xa5796a,90E930984D75,FF2514815801
0xa57970,90E92A144D75,FF2518815801
0xa57976,90E9C49C4D75,FF251C815801
0xa5797c,90E9FE9F4D75,FF2520815801
0xa57982,90E958684D75,FF2524815801
0xa57988,90E932A05175,FF2528815801
0xa5798e,90E9BC3D4D75,FF252C815801
0xa57994,90E9363E4D75,FF2530815801
0xa5799a,90E9E0A64D75,FF2534815801
0xa579a0,90E95A934D75,FF2538815801
0xa579a6,90E954A04D75,FF253C815801
0xa579ac,90E9EE704D75,FF2540815801
0xa579b2,90E998BA4D75,FF2544815801
0xa579b8,90E902BB4D75,FF2548815801
0xa579be,90E94CBA4D75,FF254C815801
0xa579c4,90E936944D75,FF2550815801
0xa579ca,90E9E0974D75,FF2554815801
0xa579d0,90E9CAB94D75,FF2558815801
0xa579d6,90E944BE4D75,FF255C815801
0xa579dc,90E96EB74D75,FF2560815801
0xa579e2,90E958DE4E75,FF2564815801
0xa579e8,90E992A74D75,FF2568815801
0xa579ee,90E9DCBB4D75,FF256C815801
0xa579f4,90E936BD4D75,FF2570815801
0xa579fa,90E9301F5175,FF2574815801
0xa57a00,90E9DA994D75,FF2578815801
0xa57a06,90E904984D75,FF257C815801
0xa57a0c,90E9AE094D75,FF2580815801
0xa57a12,90E968164D75,FF2584815801
0xa57a18,90E912124D75,FF2588815801
0xa57a1e,90E99CBD4D75,FF258C815801
0xa57a24,90E956BB4D75,FF2590815801
0xa57a2a,90E9600F4D75,FF2594815801
0xa57a30,90E91AF84E75,FF2598815801
0xa57a36,90E954E24E75,FF259C815801
0xa57a3c,90E94EA14D75,FF25A0815801
0xa57a42,90E9E8ED4E75,FF25A4815801
0xa57a48,90E952B74D75,FF25A8815801
0xa57a4e,90E90C8F4D75,FF25AC815801
0xa57a54,90E986B84D75,FF25B0815801
0xa57a5a,90E9E0B84D75,FF25B4815801
0xa57a60,90E95AB84D75,FF25B8815801
0xa57a66,90E9C4E74C75,FF25BC815801
0xa57a6c,90E95EB84D75,FF25C0815801
0xa57a72,90E958E14C75,FF2584835801
0xa57a78,90E9F29BF574,FF25D0895801
0xa57a7e,90E9BC07F074,FF25D4895801
0xa57a84,90E9E67CF174,FF25D8895801
0xa57a8a,90E9300C4A76,FF25DC895801
0xa57a90,90E90AB6F174,FF25E0895801
0xa57a96,90E900A2F174,FF25E4895801
0xa57a9c,90E93EB9F174,FF25E8895801
0xa57aa2,90E9F820F074,FF25EC895801
0xa57aa8,90E91296F174,FF25F0895801
0xa57aae,90E94C9BF174,FF25F4895801
0xa57ab4,90E9B6A5F174,FF25F8895801
0xa57aba,90E9B0A9F174,FF25FC895801
0xa57ac0,90E9EADFF074,FF25008A5801
0xa57ac6,90E994D3EF74,FF25048A5801
0xa57acc,90E95EA6F174,FF25188A5801
0xa57ad2,90E9F82BF074,FF251C8A5801
0xa57ad8,90E902B0EF74,FF25208A5801
0xa57ade,90E92CDCF074,FF25248A5801
0xa57ae4,90E9A64AF074,FF25288A5801
0xa57aea,90E9B014F074,FF252C8A5801
0xa57af0,90E94A10F074,FF25308A5801
0xa57af6,90E9B4B8F174,FF25348A5801
0xa57afc,90E90EB9F174,FF25388A5801
0xa57b02,90E9C8D7F074,FF253C8A5801
0xa57b08,90E922DDF074,FF25408A5801
0xa57b0e,90E94C32F174,FF25448A5801
0xa57b14,90E956B1F174,FF25488A5801
0xa57b1a,90E91025F174,FF254C8A5801
0xa57b20,90E9DAD1EF74,FF25508A5801
0xa57b26,90E94449F074,FF25548A5801
0xa57b2c,90E9CEAFF174,FF25588A5801
0xa57b32,90E98839F074,FF255C8A5801
0xa57b38,90E98281F374,FF25608A5801
0xa57b3e,90E99C0EF074,FF25648A5801
0xa57b44,90E956B6F174,FF25688A5801
0xa57b4a,90E92099F174,FF256C8A5801
0xa57b50,90E9FAB4F174,FF25708A5801
0xa57b56,90E9F448F174,FF25148A5801
0xa57b5c,90E99E36F174,FF25788A5801
0xa57b62,90E9780DF074,FF257C8A5801
0xa57b68,90E9C254F174,FF25808A5801
0xa57b6e,90E92CABF174,FF25848A5801
0xa57b74,90E9D646F074,FF25888A5801
0xa57b7a,90E9B025F074,FF258C8A5801
0xa57b80,90E9CA50F074,FF25908A5801
0xa57b86,90E92411F074,FF25948A5801
0xa57b8c,90E9FE45F074,FF25988A5801
0xa57b92,90E9781BF074,FF259C8A5801
0xa57b98,90E9C27DF174,FF25A08A5801
0xa57b9e,90E95C50F074,FF25A48A5801
0xa57ba4,90E9B64FF074,FF25A88A5801
0xa57baa,90E9B00FF074,FF25AC8A5801
0xa57bb6,90E964D2EF74,FF25B48A5801
0xa57bbc,90E93E3AF174,FF25B88A5801
0xa57bc2,90E9380DF074,FF25BC8A5801
0xa57bc8,90E9627BF174,FF25C08A5801
0xa57bce,90E9BC6BF074,FF25C48A5801
0xa57bd4,90E9E6E5EF74,FF25C88A5801
0xa57bda,90E99020F174,FF25CC8A5801
0xa57be0,90E91A77F174,FF25D08A5801
0xa57be6,90E9F431F674,FF25748A5801
0xa57bec,90E95EE35D74,FF25BC805801
0xa57bf2,90E998F15D74,FF2584805801
0xa57bf8,90E9A2F05D74,FF2588805801
0xa57bfe,90E9DCF15D74,FF258C805801
0xa57c04,90E986EC5D74,FF2590805801
0xa57c0a,90E970DC5D74,FF2594805801
0xa57c10,90E95A325E74,FF25B8805801
0xa57c16,90E9B4125E74,FF25B4805801
0xa57c1c,90E9CED45D74,FF25B0805801
0xa57c22,90E998E35D74,FF25AC805801
0xa57c28,90E952E25D74,FF25A8805801
0xa57c2e,90E96CD65D74,FF25A4805801
0xa57c34,90E986F35D74,FF25A0805801
0xa57c3a,90E950F25D74,FF259C805801
0xa57c40,90E92AD55D74,FF2598805801
0xa57c46,90E944D7E774,FF2558805801
0xa57c4c,90E9EE750F75,FF2540805801
0xa57c52,90E928740F75,FF2550805801
0xa57c58,90E9928A0F75,FF2530805801
0xa57c5e,90E9EC740F75,FF253C805801
0xa57c64,90E916790F75,FF254C805801
0xa57c6a,90E9D07C0F75,FF2548805801
0xa57c70,90E96A730F75,FF2544805801
0xa57c76,90E994720F75,FF2538805801
0xa57c7c,90E96EBD0F75,FF2534805801
0xa57c82,90E92820E975,FF25408E5801
0xa57c88,90E972306675,FF253C8E5801
0xa57c8e,90E95C596375,FF25388E5801
0xa57c94,90E9D6C08374,FF250C895801
0xa57c9a,90E9D07D8474,FF251C895801
0xa57ca0,90E98A6F8474,FF2520895801
0xa920ef,90E98BC94975,FF2540835801
0xf5b13f,90E97B37F575,FF2544835801
0xf60c3c,90E9AE29F774,FF258C895801
0xf60c42,90E98865F874,FF2590895801
0xf60c48,90E912D7F774,FF2584895801
0xf60c4e,90E9ECDCF774,FF2588895801
0xf60c54,90E946D7F774,FF2580895801
0xf60c5a,90E9D06BF774,FF257C895801
0xf60c60,90E95A4DF774,FF2578895801
0xf60c66,90E93457F774,FF2574895801
0xf60c6c,90E90E46F774,FF256C895801
0xf60c72,90E9D84CF774,FF2570895801
0xf60c78,90E93D52ED62,FF25E8845801
0xf60c7e,90E9EA43ED62,FF2540845801
0xf60c7e,90E9EA43ED62,FF2540845801
0xf60c7e,90E9EA43ED62,FF2540845801
0xf60c84,90E9FC65ED62,FF25F0845801
0xf60c8a,90E9DE43ED62,FF2540845801
0xf60c8a,90E9DE43ED62,FF2540845801
0xf60c8a,90E9DE43ED62,FF2540845801
0xf60c90,90E9B364ED62,FF2594835801
0xf60ca2,90E9D951ED62,FF2598835801
0xf60ca8,90E982CCED62,FF25A0835801
0xf60ca8,90E982CCED62,FF25A0835801
0xf60ca8,90E982CCED62,FF25A0835801
0xf60ca8,90E982CCED62,FF25A0835801
0xf60cae,90E90266ED62,FF25A4835801
0xf60cb4,90E9917DEE62,FF25A8835801
0xf60cba,90E9D3FCED62,FF25AC835801
0xf60cba,90E9D3FCED62,FF25AC835801
0xf60cba,90E9D3FCED62,FF25AC835801
0xf60cc0,90E9CDFCED62,FF25AC835801
0xf60cc0,90E9CDFCED62,FF25AC835801
0xf60cc0,90E9CDFCED62,FF25AC835801
0xf60cc6,90E9A953EE62,FF25B4835801
0xf60ccc,90E9194EEE62,FF25B8835801
0xf60cd2,90E99C4CEE62,FF25BC835801
0xf60cd8,90E9B5FCED62,FF25AC835801
0xf60cd8,90E9B5FCED62,FF25AC835801
0xf60cd8,90E9B5FCED62,FF25AC835801
0xf60cde,90E9834EEE62,FF25C4835801
0xf60ce4,90E9D04BEE62,FF25C8835801
0xf60cea,90E96ABCEE62,FF25CC835801
0xf60cf0,90E96353EE62,FF25D0835801
0xf60cf6,90E9137EEE62,FF25D4835801
0xf60cfc,90E9C18AEE62,FF25D8835801
0xf60d02,90E93D46ED62,FF25DC835801
0xf60d08,90E91143ED62,FF25E0835801
0xf60d0e,90E9DF41ED62,FF25E4835801
0xf60d14,90E99F41ED62,FF25E8835801
0xf60d1a,90E9B28EEE62,FF25EC835801
0xf60d1a,90E9B28EEE62,FF25EC835801
0xf60d20,90E94247ED62,FF25F0835801
0xf60d26,90E99D3DEE62,FF25F4835801
0xf60d2c,90E93F3DEE62,FF25F8835801
0xf60d32,90E9FF7DEE62,FF25FC835801
0xf60d38,90E98180EE62,FF2500845801
0xf60d3e,90E93668ED62,FF2504845801
0xf60d44,90E9D547ED62,FF2508845801
0xf60d4a,90E9224FED62,FF250C845801
0xf60d50,90E9CD46ED62,FF2510845801
0xf60d56,90E9D4CBED62,FF25A0835801
0xf60d56,90E9D4CBED62,FF25A0835801
0xf60d56,90E9D4CBED62,FF25A0835801
0xf60d56,90E9D4CBED62,FF25A0835801
0xf60d5c,90E97C65ED62,FF2518845801
0xf60d62,90E93B68ED62,FF251C845801
0xf60d68,90E98180EE62,FF2520845801
0xf60d6e,90E93E8EEE62,FF2524845801
0xf60d74,90E92F54EE62,FF2528845801
0xf60d7a,90E91052ED62,FF252C845801
0xf60d80,90E9454DED62,FF2530845801
0xf60d86,90E9ED4CED62,FF2534845801
0xf60d8c,90E9408EEE62,FF25EC835801
0xf60d8c,90E9408EEE62,FF25EC835801
0xf60d92,90E91B68ED62,FF253C845801
0xf60d98,90E9D042ED62,FF2540845801
0xf60d98,90E9D042ED62,FF2540845801
0xf60d98,90E9D042ED62,FF2540845801
0xf60d9e,90E94763ED62,FF2544845801
0xf60da4,90E94267ED62,FF2548845801
0xf60daa,90E9534CED62,FF254C845801
0xf60db0,90E9F0BBEE62,FF2550845801
0xf60db6,90E9364BEE62,FF2554845801
0xf60dbc,90E9904BEE62,FF2558845801
0xf60dc2,90E968CBED62,FF25A0835801
0xf60dc2,90E968CBED62,FF25A0835801
0xf60dc2,90E968CBED62,FF25A0835801
0xf60dc2,90E968CBED62,FF25A0835801
0xf60dc8,90E91EF7ED62,FF2560845801
0xf60dce,90E9464EED62,FF2564845801
0xf60dd4,90E9F957ED62,FF2568845801
0xf60dda,90E9CD54ED62,FF256C845801
0xf60de0,90E92454ED62,FF2570845801
0xf60de6,90E91A65ED62,FF2574845801
0xf60dec,90E94A56ED62,FF2578845801
0xf60df2,90E9C75EEE62,FF257C845801
0xf60df8,90E9685EED62,FF2580845801
0xf60dfe,90E92CCBED62,FF25A0835801
0xf60dfe,90E92CCBED62,FF25A0835801
0xf60dfe,90E92CCBED62,FF25A0835801
0xf60dfe,90E92CCBED62,FF25A0835801
0xf60e04,90E9DB49ED62,FF258C845801
0xf60e0a,90E9507DED62,FF2590845801
0xf60e0a,90E9507DED62,FF2590845801
0xf60e10,90E94A7DED62,FF2590845801
0xf60e10,90E94A7DED62,FF2590845801
0xf60e16,90E9217DED62,FF2598845801
0xf60e1c,90E9449EEE62,FF259C845801
0xf60e22,90E91C29EF62,FF25A0845801
0xf60e28,90E9B19DEE62,FF25A4845801
0xf60e2e,90E9731DEF62,FF25A8845801
0xf60e34,90E9ECDCEF62,FF25AC845801
0xf60e3a,90E99702EE62,FF25B0845801
0xf60e40,90E9B999EE62,FF25B4845801
0xf60e46,90E9D2CAEF62,FF25B8845801
0xf60e4c,90E93BFAED62,FF25BC845801
0xf60e52,90E9B980EE62,FF25C0845801
0xf60e58,90E93A3DEE62,FF25C4845801
0xf60e5e,90E942FBED62,FF25C8845801
0xf60e64,90E9B8CAED62,FF25CC845801
0xf60e64,90E9B8CAED62,FF25CC845801
0xf60e6a,90E92A3CEE62,FF25D0845801
0xf60e70,90E9D23BEE62,FF25D4845801
0xf60e76,90E9A6CAED62,FF25CC845801
0xf60e76,90E9A6CAED62,FF25CC845801
0xf60e7c,90E9D47EEF62,FF25DC845801
0xf60e82,90E96B7EEF62,FF25E0845801
0xf60e88,90E9923C7970,FF256C8C5801
0xf60e8e,90E9837DCF62,FF25F48C5801
0xf60e94,90E928F6D062,FF25F88C5801
0xf60e9a,90E995F5D062,FF25FC8C5801
0xf60ea0,90E9DBF7D062,FF25008D5801
0xf60ea6,90E9C9EBD062,FF25F08C5801
0xf60eac,90E9767BCF62,FF25EC8C5801
0xf60eb2,90E935D6D962,FF25E88C5801
0xf60eb8,90E93C7ECF62,FF25E48C5801
0xf60ebe,90E9CAE1D062,FF25E08C5801
0xf60ec4,90E95B99D962,FF25DC8C5801
0xf60eca,90E9BAD5D962,FF25D88C5801
0xf60ed0,90E9160ED162,FF25D48C5801
0xf60ed6,90E9FAEDDB62,FF25D08C5801
0xf60edc,90E9C8FDDB62,FF25CC8C5801
0xf60ee2,90E929D1D962,FF25C88C5801
0xf60ee8,90E9DFD0D962,FF25C48C5801
0xf60eee,90E9FEF0D062,FF25048D5801
0xf60ef4,90E9686EDB62,FF25848C5801
0xf60efa,90E9796EDB62,FF25888C5801
0xf60f00,90E9BE6BDB62,FF258C8C5801
0xf60f06,90E97A6CDB62,FF25908C5801
0xf60f0c,90E91BBDD962,FF25948C5801
0xf60f12,90E95599D962,FF25988C5801
0xf60f18,90E9C7DBD962,FF259C8C5801
0xf60f1e,90E996D9D962,FF25A08C5801
0xf60f24,90E97DD7D962,FF25A48C5801
0xf60f2a,90E9A396D962,FF25A88C5801
0xf60f30,90E919E9D062,FF25AC8C5801
0xf60f36,90E999EDD062,FF25B08C5801
0xf60f3c,90E92083CF62,FF25B48C5801
0xf60f42,90E9C488DB62,FF25B88C5801
0xf60f48,90E96586DB62,FF25BC8C5801
0xf60f4e,90E9447DDB62,FF25C08C5801
0xf60f54,90E92621BD62,FF250C8E5801
0xf60f5a,90E9A01FBD62,FF25048E5801
0xf60f60,90E9AA1EBD62,FF25008E5801
0xf60f66,90E9E449BD62,FF25D08D5801
0xf60f6c,90E9FE1CBD62,FF25A88D5801
0xf60f72,90E99820BD62,FF25AC8D5801
0xf60f78,90E93222BD62,FF25B08D5801
0xf60f7e,90E92C3DBD62,FF25B48D5801
0xf60f84,90E9163ABD62,FF25B88D5801
0xf60f8a,90E9401DBD62,FF25BC8D5801
0xf60f90,90E96A09BD62,FF25C08D5801
0xf60f96,90E9840FBD62,FF25148E5801
0xf60f9c,90E96E4CBD62,FF25C48D5801
0xf60fa2,90E95844BD62,FF25C88D5801
0xf60fa8,90E9F21CBD62,FF25CC8D5801
0xf60fae,90E98C14BD62,FF25088E5801
0xf60fb4,90E9D646BD62,FF25D48D5801
0xf60fba,90E9803DBD62,FF25D88D5801
0xf60fc0,90E91A3DBD62,FF25DC8D5801
0xf60fc6,90E9243EBD62,FF25E08D5801
0xf60fcc,90E90E41BD62,FF25E48D5801
0xf60fd2,90E94847BD62,FF25E88D5801
0xf60fd8,90E9123FBD62,FF25EC8D5801
0xf60fde,90E9BC3FBD62,FF25F08D5801
0xf60fe4,90E9863DBD62,FF25F48D5801
0xf60fea,90E9303FBD62,FF25F88D5801
0xf60ff0,90E9CA3EBD62,FF25FC8D5801
0xf60ff6,90E98440BD62,FF25108E5801
0xf60ffc,90E94EB5AC62,FF252C8D5801
0xf61002,90E93865AB62,FF253C8D5801
0xf61008,90E94267AB62,FF25408D5801
0xf6100e,90E90C67AB62,FF25448D5801
0xf61014,90E9D668AB62,FF25488D5801
0xf6101a,90E9106AAB62,FF25508D5801
0xf61020,90E9FAB9AC62,FF25548D5801
0xf61026,90E9B4B9AC62,FF25588D5801
0xf6102c,90E91EBAAC62,FF255C8D5801
0xf61032,90E948BAAC62,FF25608D5801
0xf61038,90E972BAAC62,FF25648D5801
0xf6103e,90E9BCB3AC62,FF25688D5801
0xf61044,90E9C6B6AC62,FF256C8D5801
0xf6104a,90E96063AB62,FF25708D5801
0xf61050,90E92AB5AC62,FF25748D5801
0xf61056,90E98466AB62,FF25788D5801
0xf6105c,90E91E64AB62,FF257C8D5801
0xf61062,90E94864AB62,FF25808D5801
0xf61068,90E9F24EAC62,FF25848D5801
0xf6106e,90E9EC69AB62,FF25888D5801
0xf61074,90E9466AAB62,FF258C8D5801
0xf6107a,90E98069AB62,FF254C8D5801
0xf61080,90E9CA63AB62,FF251C8D5801
0xf61086,90E92468AB62,FF25388D5801
0xf6108c,90E99E68AB62,FF25348D5801
0xf61092,90E978B5AC62,FF25308D5801
0xf61098,90E992B3AC62,FF25908D5801
0xf6109e,90E9FCBAAC62,FF25288D5801
0xf610a4,90E9D664AB62,FF25248D5801
0xf610aa,90E970B1AA62,FF25208D5801
0xf610b0,90E96AB4AC62,FF25148D5801
0xf610b6,90E904B3AC62,FF25188D5801
0xf610bc,90E9CA369D62,FF259C8D5801
0xf610c2,90E956099D62,FF25988D5801
0xf610c8,90E991099D62,FF25A08D5801
0xf610ce,90E96C880A0F,FF253C895801
0xf610d4,90E946900A0F,FF2540895801
0xf610da,90E930890A0F,FF2538895801
0xf61a40,90E96AC7FC74,FF2504835801
0x14252d0,90E92A119473,FF25948B5801
0x14a9ae4,90E9C6405F75,FF25D4805801
0x14a9aea,90E900BE5E75,FF250C815801
0x14a9af0,90E98A8F5E75,FF25D8805801
0x14a9af6,90E964A75E75,FF25DC805801
0x14a9afc,90E9DE405F75,FF25E0805801
0x14a9b02,90E9C8305F75,FF25E4805801
0x14a9b08,90E9228F5E75,FF25E8805801
0x14a9b0e,90E9BCF95E75,FF25EC805801
0x14a9b14,90E996FA5E75,FF25F0805801
0x14a9b1a,90E980205F75,FF25F4805801
0x14a9b20,90E93AE95E75,FF25F8805801
0x14a9b26,90E944F15E75,FF25FC805801
0x14a9b2c,90E90EF95E75,FF2500815801
0x14a9b32,90E9C8325F75,FF2504815801
0x14a9b38,90E982E65E75,FF2508815801
0x14a9b3e,90E90CDA5E75,FF25D0805801
0x14a9b44,90E956F45E75,FF25CC805801
0x14a9b4a,90E910405F75,FF25C4805801
0x14a9b50,90E92ABC5E75,FF25C8805801
0x14aa89a,90E9F0152F74,FF255C895801
0x14aa8a0,90E9BAF62E74,FF2558895801
0x14aa8a6,90E9B4F73274,FF2548895801
0x14aa8ac,90E90EF73274,FF2554895801
0x14aa8b2,90E9E8D62E74,FF2550895801
0x14aa8b8,90E9A2D82E74,FF254C895801
0x14aa8be,90E9DC9E0672,FF252C8B5801
0x14aa8c4,90E906900672,FF25308B5801
0x14aa8ca,90E9E04F0772,FF25288B5801
0x14aa8d0,90E92A930672,FF25248B5801
0x14aa8d6,90E9B44F0772,FF25208B5801
0x14aa8dc,90E98E4F0772,FF251C8B5801
0x14aa8e2,90E968B48B73,FF25208C5801
0x14aa8e8,90E9F2AD8B73,FF257C8B5801
0x14aa8e8,90E9F2AD8B73,FF257C8B5801
0x14aa8ee,90E9ECAD8B73,FF257C8B5801
0x14aa8ee,90E9ECAD8B73,FF257C8B5801
0x14aa8f4,90E9E6AE8B73,FF25848B5801
0x14aa8fa,90E940B08B73,FF25888B5801
0x14aa900,90E90A568E73,FF258C8B5801
0x14aa906,90E994578E73,FF25908B5801
0x14aa90c,90E9EEBA8B73,FF25948B5801
0x14aa912,90E9A8F38B73,FF25988B5801
0x14aa918,90E982AF8C73,FF259C8B5801
0x14aa91e,90E98CB18C73,FF25A08B5801
0x14aa924,90E946798C73,FF25A48B5801
0x14aa92a,90E9D0888C73,FF25A88B5801
0x14aa930,90E97A898C73,FF25AC8B5801
0x14aa936,90E9744A8C73,FF25B08B5801
0x14aa93c,90E92E478C73,FF25B48B5801
0x14aa942,90E9C8B68B73,FF25B88B5801
0x14aa948,90E9D27B8C73,FF25BC8B5801
0x14aa94e,90E9FCB48C73,FF25C88B5801
0x14aa954,90E906B08C73,FF25CC8B5801
0x14aa95a,90E940AE8B73,FF25D88B5801
0x14aa960,90E95A228C73,FF25DC8B5801
0x14aa966,90E924208C73,FF25E08B5801
0x14aa96c,90E9EE408C73,FF25E48B5801
0x14aa972,90E948C08C73,FF25E88B5801
0x14aa978,90E992AD8C73,FF25EC8B5801
0x14aa97e,90E9EC438C73,FF25F08B5801
0x14aa984,90E9C6C68C73,FF25F48B5801
0x14aa98a,90E960368C73,FF25F88B5801
0x14aa990,90E9FAB38C73,FF25FC8B5801
0x14aa996,90E9C41E8C73,FF25008C5801
0x14aa99c,90E97EAE8E73,FF25048C5801
0x14aa9a2,90E9B8B78C73,FF25088C5801
0x14aa9a8,90E9E22E8C73,FF250C8C5801
0x14aa9ae,90E99CB88B73,FF25108C5801
0x14aa9b4,90E9E6798C73,FF25148C5801
0x14aa9ba,90E9C0CB8B73,FF25188C5801
0x14aa9c0,90E94AFE8B73,FF251C8C5801
0x14aa9c6,90E984764662,FF25248E5801
0x14aa9cc,90E94E754662,FF251C8E5801
0x14aa9d2,90E918764662,FF25208E5801
0x14aa9d8,90E9A26ADB73,FF2530895801
0x14aa9de,90E91F955D64,FF25C8875801
0x14aa9f4,90E965965D64,FF25CC875801
0x14aa9fa,90E940965D64,FF25D0875801
0x14aaad4,90E949945D64,FF25D4875801
0x14aaada,90E9B9935D64,FF258C885801
0x14aab3c,90E9956E5E64,FF25DC875801
0x14aabfe,90E9B0135D64,FF25E0875801
0x14aac04,90E987145D64,FF25E4875801
0x14aac0a,90E966145D64,FF25E8875801
0x14aac10,90E924135D64,FF25EC875801
0x14aac16,90E9AD205E64,FF25F0875801
0x14aac1c,90E902135D64,FF25F4875801
0x14aac88,90E9F09C5A64,FF25F8875801
0x14aac8e,90E9A36D5F64,FF25FC875801
0x14aac94,90E9A5905D64,FF2500885801
0x14aac9a,90E975B75D64,FF2504885801
0x14aaca0,90E9A88E5D64,FF2508885801
0x14aaca6,90E9C7815A64,FF250C885801
0x14aacac,90E9F1BC5A64,FF2510885801
0x14aacb2,90E929BE5A64,FF2514885801
0x14aacb8,90E9B9265B64,FF2518885801
0x14aacbe,90E9FD735A64,FF251C885801
0x14aacc4,90E95BBD5A64,FF2520885801
0x14aacca,90E946825A64,FF2524885801
0x14aacd0,90E993865A64,FF2528885801
0x14aacd6,90E965C45A64,FF252C885801
0x14aacdc,90E948C55A64,FF2530885801
0x14aace2,90E9B07C5A64,FF2534885801
0x14aace8,90E9F6A05A64,FF2538885801
0x14aacee,90E930C85A64,FF253C885801
0x14aacf4,90E9AAA15A64,FF2540885801
0x14aacfa,90E9C09C5E64,FF2544885801
0x14aad00,90E9D4F05A64,FF2548885801
0x14aad06,90E9A0F75A64,FF254C885801
0x14aad0c,90E979A45A64,FF2550885801
0x14aad12,90E955A25E64,FF2554885801
0x14aad18,90E997535B64,FF2558885801
0x14aad1e,90E94FC85A64,FF255C885801
0x14aad24,90E950B65964,FF2560885801
0x14aad94,90E913B35964,FF2564885801
0x14aad9a,90E9E7CA5A64,FF2568885801
0x14aada0,90E99A8E5D64,FF256C885801
0x14aada6,90E9F6B45D64,FF2570885801
0x14aadac,90E998A45A64,FF2574885801
0x14aadb2,90E9A39D5A64,FF2578885801
0x14aadb8,90E9BC805B64,FF257C885801
0x14aadbe,90E9B0BA5964,FF2580885801
0x14aadc4,90E965A15A64,FF2584885801
0x14aadca,90E93ABF5A64,FF2588885801
0x14aadd0,90E98A1E5E64,FF25F8845801
0x14aadd6,90E96EC95A64,FF2590885801
0x14aaddc,90E9E1C35A64,FF2594885801
0x14aade2,90E9CF2E5B64,FF2598885801
0x14aade8,90E9186C5E64,FF259C885801
0x14aadee,90E994945D64,FF25A0885801
0x14aadf4,90E91C545A64,FF25A4885801
0x14aadfa,90E9C3435A64,FF25A8885801
0x14aae00,90E9AA105B64,FF25AC885801
0x14aae06,90E951815A64,FF25B0885801
0x14aae0c,90E985F25A64,FF25B4885801
0x14aae12,90E93D765964,FF25B8885801
0x14aae18,90E959BF5A64,FF25BC885801
0x14aae1e,90E97EB35A64,FF25C0885801
0x14aae24,90E93D7B5E64,FF25C4885801
0x14aae2a,90E9C60D5D64,FF25D8875801
0x14aae30,90E96C535A64,FF25C4875801
0x14aae36,90E9254E5A64,FF25C0875801
0x14aae3c,90E9DF995A64,FF25BC875801
0x14aae42,90E9E25B5A64,FF25B8875801
0x14aae48,90E986D95964,FF25B4875801
0x14aae4e,90E97C825A64,FF25B0875801
0x14aae54,90E9ABDC5964,FF25AC875801
0x14aae5a,90E9A4A45B64,FF25A8875801
0x14aae60,90E940BD5A64,FF25A4875801
0x14aae66,90E9D4995A64,FF25A0875801
0x14aae6c,90E9EF385B64,FF259C875801
0x14aae72,90E946535A64,FF2598875801
0x14aae78,90E9FC335A64,FF2594875801
0x14aae7e,90E9785E5B64,FF2590875801
0x14aae84,90E9C3845B64,FF258C875801
0x14aae8a,90E9A27E5B64,FF2588875801
0x14aae90,90E989825A64,FF2584875801
0x14aae96,90E9DD545A64,FF2580875801
0x14aae9c,90E96E095B64,FF257C875801
0x14aaea2,90E9AEA05E64,FF2578875801
0x14aaea8,90E99D655A64,FF2574875801
0x14aaeae,90E96D3D5B64,FF2570875801
0x14aaeb4,90E90EBD5A64,FF256C875801
0x14aaeba,90E9F00E5B64,FF2568875801
0x14aaec0,90E93A515A64,FF2564875801
0x14aaec6,90E9C95E5A64,FF2560875801
0x14aaecc,90E91E9F5B64,FF255C875801
0x14aaed2,90E9AFBB5A64,FF2558875801
0x14aaed8,90E9AB9D5A64,FF2554875801
0x14aaede,90E9C2575A64,FF2550875801
0x14aaee4,90E944C05A64,FF254C875801
0x14aaeea,90E920045B64,FF2548875801
0x14aaef0,90E983FA5C64,FF2544875801
0x14aaef6,90E9B8FA5C64,FF2540875801
0x14aaefc,90E9EBC95A64,FF253C875801
0x14ab280,90E9AA005F64,FF2538875801
0x14ab286,90E924045F64,FF2534875801
0x14ab28c,90E91E055F64,FF2530875801
0x14ab292,90E9E8035B64,FF252C875801
0x14ab298,90E9D0285D64,FF2528875801
0x14ab29e,90E97CFB5A64,FF2524875801
0x14ab35c,90E9CEFA5E64,FF2520875801
0x14ab362,90E958025F64,FF251C875801
0x14ab3b0,90E95A7D5F64,FF2518875801
0x14ab3b6,90E9447F5F64,FF2514875801
0x14ab3bc,90E9562B5D64,FF2510875801
0x14ab404,90E9C3805964,FF250C875801
0x14ab40a,90E940F65E64,FF2508875801
0x14ab43c,90E929715E64,FF2504875801
0x14ab442,90E90B6E5A64,FF2500875801
0x14ab448,90E96A755E64,FF25FC865801
0x14ab4b8,90E939BB5A64,FF25F8865801
0x14ab4be,90E936FB5E64,FF25F4865801
0x14ab4c4,90E996085B64,FF25F0865801
0x14ab4ca,90E9C1125B64,FF25EC865801
0x14ab4d0,90E9A2115B64,FF25E8865801
0x14ab4d6,90E9C4F65E64,FF25E4865801
0x14ab4dc,90E984E65A64,FF25E0865801
0x14ab4e2,90E99BDA5C64,FF25DC865801
0x14ab4e8,90E9C9DB5C64,FF25D8865801
0x14ab4ee,90E9BAE15C64,FF25D4865801
0x14ab4f4,90E9DF4B5A64,FF25D0865801
0x14ab4fa,90E956E65A64,FF25CC865801
0x14ab526,90E9E63C5E64,FF25C8865801
0x14ab52c,90E94D385B64,FF25C4865801
0x14ab532,90E925D55964,FF25C0865801
0x14ab538,90E9BDE45C64,FF25BC865801
0x14ab53e,90E986DE5C64,FF25B8865801
0x14ab544,90E9F51C5E64,FF25B4865801
0x14ab54a,90E9BF315B64,FF25B0865801
0x14ab550,90E9FA345B64,FF25AC865801
0x14ab556,90E946355B64,FF25A8865801
0x14ab55c,90E9790F5B64,FF25A4865801
0x14ab562,90E940135B64,FF25A0865801
0x14ab568,90E9772E5A64,FF259C865801
0x14ab56e,90E993345A64,FF2598865801
0x14ab574,90E9C0815A64,FF2594865801
0x14ab57a,90E9C6B05964,FF2590865801
0x14ab580,90E917C45A64,FF258C865801
0x14ab586,90E9AAE85C64,FF2588865801
0x14ab58c,90E9FEFB5A64,FF2584865801
0x14ab592,90E9E59D5A64,FF2580865801
0x14ab598,90E93CF85E64,FF257C865801
0x14ab59e,90E91C045B64,FF2578865801
0x14ab5a4,90E936035B64,FF2574865801
0x14ab5aa,90E940F75E64,FF2570865801
0x14ab5b0,90E9308A5D64,FF256C865801
0x14ab5c0,90E955EC5C64,FF2568865801
0x14ab5c6,90E96DC25A64,FF2564865801
0x14ab5cc,90E9CCBC5A64,FF2560865801
0x14ab5d2,90E92A185B64,FF255C865801
0x14ab5d8,90E992185B64,FF2558865801
0x14ab5de,90E9CC9A5B64,FF2554865801
0x14ab5e4,90E98C505B64,FF2550865801
0x14ab5ea,90E9002E5D64,FF254C865801
0x14ab5f0,90E982805E64,FF2548865801
0x14ab5f6,90E9F78D5E64,FF2544865801
0x14ab5fc,90E962BD5A64,FF2540865801
0x14ab6ec,90E9AFAF5964,FF253C865801
0x14ab6f2,90E961075D64,FF2538865801
0x14ab6f8,90E9B6C55A64,FF2534865801
0x14ab6fe,90E998F85E64,FF2530865801
0x14ab704,90E966F95E64,FF252C865801
0x14ab766,90E9837C5964,FF2528865801
0x14ab76c,90E9E9F15E64,FF2524865801
0x14ab816,90E9A32C5B64,FF2520865801
0x14ab81c,90E9FB525E64,FF251C865801
0x14ab822,90E9C86E5E64,FF2518865801
0x14ab828,90E9AA8F5E64,FF2514865801
0x14ab82e,90E980E75C64,FF2510865801
0x14ab834,90E98FE45C64,FF250C865801
0x14ab83a,90E913CD5964,FF2508865801
0x14ab840,90E9156D5A64,FF2504865801
0x14ab846,90E98B9F5A64,FF2500865801
0x14ab84c,90E972F15964,FF25FC855801
0x14ab852,90E9AE0E5B64,FF25F8855801
0x14ab858,90E902065B64,FF25F4855801
0x14ab85e,90E90C015B64,FF25F0855801
0x14aba02,90E9B87C5F64,FF25EC855801
0x14aba08,90E9848D5964,FF25E8855801
0x14aba0e,90E9E7235B64,FF25E4855801
0x14aba14,90E9B6F75E64,FF25E0855801
0x14aba1a,90E921B25A64,FF25DC855801
0x14aba20,90E9CAF35E64,FF25D8855801
0x14aba26,90E998FC5E64,FF25D4855801
0x14aba2c,90E95E015B64,FF25D0855801
0x14aba32,90E9302B5A64,FF25CC855801
0x14aba38,90E9DA305A64,FF25C8855801
0x14aba3e,90E950955E64,FF25C4855801
0x14aba44,90E93B525E64,FF25C0855801
0x14aba4a,90E96DBF5D64,FF25BC855801
0x14aba50,90E9ECD95D64,FF25B8855801
0x14aba56,90E92E375E64,FF25B4855801
0x14aba82,90E926E35A64,FF25B0855801
0x14aba88,90E959D65964,FF25AC855801
0x14aba8e,90E95B0B5B64,FF25A8855801
0x14aba94,90E9CC0A5B64,FF25A4855801
0x14aba9a,90E9980E5B64,FF25A0855801
0x14abaa0,90E9220F5B64,FF259C855801
0x14abaa6,90E97A795F64,FF2598855801
0x14abaac,90E93EF85E64,FF2594855801
0x14abab2,90E9098D5E64,FF2590855801
0x14abbbe,90E9B7025D64,FF258C855801
0x14abbc4,90E94C725964,FF2588855801
0x14abbca,90E9E7125E64,FF2584855801
0x14abbd0,90E9AC795964,FF2580855801
0x14abbd6,90E91E735964,FF257C855801
0x14abbdc,90E9257A5964,FF2574855801
0x14abc32,90E91F655964,FF2570855801
0x14abc38,90E9556B5964,FF256C855801
0x14abc8a,90E9FB675964,FF2568855801
0x14abc90,90E9DA675964,FF2564855801
0x14abc96,90E9EC125E64,FF2560855801
0x14abc9c,90E93E485B64,FF255C855801
0x14abdfe,90E9EA635964,FF2554855801
0x14abe04,90E907645964,FF2550855801
0x14abe0a,90E941215E64,FF254C855801
0x14abe60,90E9995D5964,FF2548855801
0x14abe6c,90E9276C5964,FF2540855801
0x14abe72,90E9566C5964,FF253C855801
0x14abe78,90E9625D5964,FF2538855801
0x14abfd4,90E976585E64,FF2534855801
0x14abfda,90E981565E64,FF2530855801
0x14abfe0,90E949035D64,FF252C855801
0x14abfe6,90E9470B5E64,FF2528855801
0x14abfec,90E90E561173,FF25FC8A5801
0x14abff2,90E958A30A73,FF250C8B5801
0x14abff8,90E9129B0D73,FF25108B5801
0x14abffe,90E98CDF1773,FF25148B5801
0x14ac004,90E936121973,FF25088B5801
0x14ac00a,90E9B01D1973,FF25048B5801
0x14ac010,90E9FA191973,FF25008B5801
0x14ac016,90E9D44C1A73,FF25E88A5801
0x14ac01c,90E9FECD1273,FF25F88A5801
0x14ac022,90E938E11773,FF25F48A5801
0x14ac028,90E9B26C0A73,FF25F08A5801
0x14ac02e,90E9BC8A1273,FF25EC8A5801
0x14ac034,90E9E6546972,FF25E08A5801
0x14ac03a,90E9C0546972,FF25DC8A5801
0x14ac040,90E9FA546972,FF25D88A5801
0x14ac046,90E9A4734262,FF2560805801
0x14ad100,90E90AE84072,FF250C8D5801
0x14ad106,90E9647DDC72,FF25CC885801
0x14ad10c,90E9A4A92D62,FF25748C5801
0x14ad13c,90E91E52A075,FF2558835801
0x14ad142,90E9C851A075,FF255C835801
0x14ad148,90E9A2BCA275,FF2560835801
0x14ad14e,90E99C61A874,FF2564835801
0x14ad154,90E9B654A874,FF2568835801
0x14ad15a,90E91062A874,FF256C835801
0x14ad160,90E97A4FA874,FF2570835801
0x14ad166,90E94437A874,FF2574835801
0x14ad16c,90E97E64A874,FF2578835801
0x14ad172,90E93862A874,FF257C835801
0x14ad178,90E95226A874,FF2580835801
0x14ad17e,90E9DC4CA874,FF258C835801
0x14ad184,90E986DBAB74,FF2554835801
0x14ad18a,90E9D061A874,FF2530835801
0x14ad190,90E9AA54A874,FF252C835801
0x14ad196,90E9B460A874,FF2528835801
0x14ad19c,90E98E3DA275,FF2524835801
0x14ad1a2,90E99881A974,FF2520835801
0x14ad1a8,90E9B24DA774,FF251C835801
0x14ad1ae,90E9AC2CA874,FF2518835801
0x14ad1b4,90E9C68EA075,FF2500825801
0x14ad1ba,90E96024A874,FF2504825801
0x14ad1c0,90E93A10A874,FF2508825801
0x14ad1c6,90E92457A075,FF250C825801
0x14ad1cc,90E92E47A874,FF2510825801
0x14ad1d2,90E97863A874,FF2514825801
0x14ad1d8,90E91293A974,FF2518825801
0x14ad1de,90E9AC7CA774,FF251C825801
0x14ad1e4,90E9C6BDA774,FF2520825801
0x14ad1ea,90E920B2A774,FF2524825801
0x14ad1f0,90E92A38A874,FF2528825801
0x14ad1f6,90E9A44CA874,FF252C825801
0x14ad1fc,90E93E98A874,FF2530825801
0x14ad202,90E9287BA774,FF2534825801
0x14ad208,90E9D2B8A774,FF2538825801
0x14ad20e,90E96C61A874,FF253C825801
0x14ad214,90E9B64DA874,FF2540825801
0x14ad21a,90E92049A874,FF2544825801
0x14ad220,90E91A5CA774,FF2548825801
0x14ad226,90E9149FA974,FF254C825801
0x14ad22c,90E9CE7EA774,FF2550825801
0x14ad232,90E9583CA874,FF2554825801
0x14ad238,90E9A23AA874,FF2558825801
0x14ad23e,90E9FC7CA974,FF255C825801
0x14ad244,90E9D660A874,FF2560825801
0x14ad24a,90E9805FA874,FF2564825801
0x14ad250,90E9EA52A874,FF2568825801
0x14ad256,90E9A452A874,FF256C825801
0x14ad25c,90E9BE52A874,FF2570825801
0x14ad262,90E9F85EA874,FF2574825801
0x14ad268,90E94281A974,FF2578825801
0x14ad26e,90E96C80A974,FF257C825801
0x14ad274,90E95680A974,FF2580825801
0x14ad27a,90E91081A974,FF2584825801
0x14ad280,90E9DADE9E75,FF2588825801
0x14ad286,90E9A45FA874,FF258C825801
0x14ad28c,90E92EEBA175,FF2590825801
0x14ad292,90E9C823A874,FF2594825801
0x14ad298,90E9C224A874,FF2598825801
0x14ad29e,90E9BC4CA874,FF259C825801
0x14ad2a4,90E99636A874,FF25A0825801
0x14ad2aa,90E9703AA874,FF25A4825801
0x14ad2b0,90E9CA50A874,FF25A8825801
0x14ad2b6,90E95460A874,FF25AC825801
0x14ad2bc,90E93E92A974,FF25B0825801
0x14ad2c2,90E93863A874,FF25B4825801
0x14ad2c8,90E9D246A874,FF25B8825801
0x14ad2ce,90E94C97A874,FF25BC825801
0x14ad2d4,90E9463CA874,FF25C0825801
0x14ad2da,90E900A0A974,FF2534835801
0x14ad2e0,90E98A50A874,FF2538835801
0x14ad2e6,90E94423A874,FF253C835801
0x14ad2ec,90E98E524C74,FF25C0895801
0x14ad2f2,90E998485074,FF25BC895801
0x14ad2f8,90E9F2884A74,FF259C895801
0x14ad2fe,90E9AC294C74,FF2598895801
0x14ad304,90E9362F4C74,FF25A0895801
0x14ad30a,90E950DE5074,FF25A4895801
0x14ad310,90E97A494C74,FF25A8895801
0x14ad316,90E974534C74,FF25AC895801
0x14ad31c,90E9EE5C4C74,FF25B0895801
0x14ad322,90E948E64A74,FF25B4895801
0x14ad328,90E952894B74,FF25B8895801
0x14ad32e,90E90CD04A74,FF25C4895801
0x14ad334,90E996B3A475,FF25C8895801
0x14ad33a,90E9F0F94A74,FF25108A5801
0x14ad340,90E91AC94A74,FF25CC895801
0x14ad346,90E9744F4C74,FF25088A5801
0x14ad34c,90E92EBF4A74,FF250C8A5801
0x14ad352,90E9F86DB873,FF2580805801
0x14ad358,90E9B273B873,FF257C805801
0x14ad35e,90E96CB4B873,FF2578805801
0x14ad364,90E926B3B873,FF2574805801
0x14ad36a,90E9D09BB873,FF2570805801
0x14ad370,90E9EA1E6A74,FF252C805801
0x14ad376,90E9A41E6A74,FF2528805801
0x14ad37c,90E96E276A74,FF2524805801
0x14ad382,90E998356A74,FF2520805801
0x14ad388,90E902266A74,FF251C805801
0x14ad38e,90E94C5D6A74,FF2518805801
0x14ad394,90E9961D6A74,FF2514805801
0x14ad39a,90E9A0216A74,FF2510805801
0x14ad3a0,90E9BA2D6A74,FF250C805801
0x14ad3a6,90E9B4226A74,FF2508805801
0x14ad3ac,90E9BE256A74,FF2504805801
0x14ad3b2,90E9E81E6A74,FF2500805801
0x14ad3b8,90E9F26EF974,FF2564895801
0x14ad3be,90E9DC01BE74,FF25348E5801
0x14ad3c4,90E97658BD74,FF25308E5801
0x14ad3ca,90E90058BC74,FF252C8E5801
0x14ad3d0,90E97A6BDE73,FF2528895801
0x14ad3d6,90E94422DF73,FF2504895801
0x14ad3dc,90E93E91DE73,FF2500895801
0x14ad3e2,90E9F815DF73,FF2524895801
0x14ad3e8,90E9D299E073,FF2508895801
0x14ad3ee,90E9DC03DF73,FF2510895801
0x14ad3f4,90E9D699E073,FF2514895801
0x14ad3fa,90E9B099E073,FF2518895801
0x14d62ef,90E98B87A574,FF2540835801
0x14eddcc,90E91EEF2570,FF25688C5801
0x14eddd2,90E958EF2570,FF25648C5801
0x14eddd8,90E9F2242362,FF2568805801
0x14eddde,90E98C113874,FF25748B5801
0x14edde4,90E936D53474,FF25588B5801
0x14eddea,90E970BE3774,FF256C8B5801
0x14eddf0,90E9EA093774,FF25708B5801
0x14eddf6,90E984383674,FF25388B5801
0x14eddfc,90E97E1E3874,FF25448B5801
0x14ede02,90E9E8D83474,FF25488B5801
0x14ede08,90E9A2483474,FF254C8B5801
0x14ede0e,90E92C373674,FF25508B5801
0x14ede14,90E926B93774,FF25408B5801
0x14ede1a,90E9B0833474,FF253C8B5801
0x14ede20,90E93AC73774,FF255C8B5801
0x14ede26,90E9F4623674,FF25608B5801
0x14ede2c,90E9EE3B3774,FF25648B5801
0x14ede32,90E9E8D23674,FF25688B5801
0x14ede38,90E9C21D3874,FF25548B5801
0x14f7140,90E90AEC8673,FF25208C5801
0x14fc11c,90E92E928673,FF25C08B5801
0x14fc11c,90E92E928673,FF25C08B5801
0x14fc122,90E908FD8873,FF25C48B5801
0x14fc128,90E9620D8973,FF25D08B5801
0x14fc12e,90E91C928673,FF25C08B5801
0x14fc12e,90E91C928673,FF25C08B5801
0x14fc134,90E9CBD25764,FF2524855801
0x14fc13a,90E96AAB5864,FF2520855801
0x14fc140,90E952DB5864,FF251C855801
0x14fc146,90E989B65864,FF2518855801
0x14fc14c,90E964D15864,FF2514855801
0x14fc152,90E977C25464,FF2510855801
0x14fc158,90E963D45464,FF250C855801
0x14fc15e,90E9F1495564,FF2508855801
0x14fc164,90E947605564,FF2504855801
0x14fc16a,90E91C725564,FF2500855801
0x14fc170,90E91CA15564,FF25FC845801
0x14fc176,90E984D42A62,FF257C8C5801
0x14fc17c,90E977B72A62,FF25788C5801
0x14fc182,90E9487CA374,FF2588835801
0x1504253,90E9621C9362,FF25E8845801
