start,bytes1,bytes2
3,1081,1101
13,1081,1101
23,1081,1101
30,1081,1101
41,1082,1102
57,1081,1101
67,1081,1101
77,1082,1102
82,1081,1101
98,1081,1101
109,1082,1102
139,1081,1101
155,1081,1101
193,1081,1101
209,1081,1101
224,1081,1101
231,1081,1101
247,1081,1101
281,1081,1101
287,1081,1101
304,1081,1101
319,1081,1101
326,1081,1101
337,1082,1102
539,3885,3905
572,20,a0
598,3b,bb
627,29,a9
676,58,d8
729,3c,bc
764,1081,1101
774,1081,1101
784,1081,1101
791,1081,1101
802,1082,1102
815,1081,1101
827,1081,1101
837,1082,1102
842,1081,1101
858,1081,1101
869,1082,1102
914,1082,1102
946,1080,1100
951,1082,1102
958,1082,1102
965,1081,1101
974,1082,1102
981,1082,1102
988,1081,1101
997,1082,1102
1004,1082,1102
1011,1081,1101
1019,1082,1102
1026,1082,1102
1033,1081,1101
1042,1082,1102
1049,1082,1102
1056,1081,1101
1065,1082,1102
1072,1082,1102
1079,1081,1101
1087,1082,1102
1094,1082,1102
1101,1081,1101
1110,1080,1100
1114,1080,1100
1118,1080,1100
1122,1080,1100
1126,1080,1100
1130,1080,1100
1134,1080,1100
1138,1080,1100
1269,1081,1101
1282,1081,1101
1472,1081,1101
1556,1081,1101
1576,1081,1101
1637,1081,1101
1655,1081,1101
1699,1081,1101
1750,1081,1101
1869,1081,1101
1896,1081,1101
1911,1081,1101
2494,1081,1101
2602,1081,1101
2659,1081,1101
2736,1081,1101
2759,1081,1101
2817,1081,1101
2915,1081,1101
2920,1081,1101
2933,1081,1101
2984,1081,1101
3002,1081,1101
3054,1081,1101
3084,1081,1101
3186,1081,1101
3208,1081,1101
3223,1081,1101
3263,1081,1101
3303,1081,1101
3315,1081,1101
3350,1081,1101
3382,1081,1101
3445,1081,1101
3460,1081,1101
3490,1081,1101
3511,1081,1101
3517,1081,1101
3557,1081,1101
3570,1081,1101
3595,1081,1101
3617,1081,1101
3623,1081,1101
3658,1081,1101
3664,1081,1101
3672,1081,1101
3716,1081,1101
3722,1081,1101
3735,1081,1101
3741,1081,1101
3788,1081,1101
3794,1081,1101
4074,1081,1101
4092,1081,1101
4110,1081,1101
4133,1081,1101
4169,1081,1101
4246,1081,1101
4365,51,d1
4425,77,f7
4496,ea8f,eb0f
4636,1081,1101
4664,1081,1101
4683,1081,1101
4689,1081,1101
4694,1081,1101
4729,1081,1101
4741,1081,1101
4753,1081,1101
4764,1081,1101
4788,1081,1101
5024,1081,1101
5176,1081,1101
5207,1081,1101
5238,1081,1101
5258,1081,1101
5276,1081,1101
5379,1081,1101
5397,1081,1101
5420,1081,1101
5435,1081,1101
5634,1081,1101
5652,1081,1101
5670,1081,1101
5682,1081,1101
5765,1081,1101
5775,1081,1101
5780,1081,1101
6002,1081,1101
6013,1081,1101
6031,1081,1101
6046,1081,1101
6067,1081,1101
6085,1081,1101
6103,1081,1101
6118,1081,1101
6157,1081,1101
6164,1081,1101
6182,1081,1101
6200,1081,1101
6216,1081,1101
6232,1081,1101
6245,1081,1101
6265,1081,1101
6345,1081,1101
6370,1081,1101
6396,1081,1101
6413,1081,1101
6451,1081,1101
6477,1081,1101
6503,1081,1101
6520,1081,1101
6558,1081,1101
6584,1081,1101
6610,1081,1101
6627,1081,1101
6661,1081,1101
6684,1081,1101
6707,1081,1101
6722,1081,1101
6773,1081,1101
6783,1081,1101
6788,1081,1101
7038,1081,1101
7049,1081,1101
7067,1081,1101
7082,1081,1101
7103,1081,1101
7121,1081,1101
7139,1081,1101
7154,1081,1101
7193,1081,1101
7200,1081,1101
7221,1081,1101
7234,1081,1101
7252,1081,1101
7272,1081,1101
7285,1081,1101
7305,1081,1101
7384,1081,1101
7409,1081,1101
7435,1081,1101
7452,1081,1101
7490,1081,1101
7516,1081,1101
7542,1081,1101
7559,1081,1101
7597,1081,1101
7623,1081,1101
7649,1081,1101
7666,1081,1101
7700,1081,1101
7723,1081,1101
7746,1081,1101
7761,1081,1101
7804,1081,1101
7814,1081,1101
7819,1081,1101
7894,1081,1101
7902,1081,1101
7908,1081,1101
8146,1081,1101
8169,1081,1101
8196,1081,1101
8207,1081,1101
8386,1081,1101
8431,1081,1101
8466,1081,1101
8498,1081,1101
8556,1081,1101
8566,1081,1101
8571,1081,1101
8646,1081,1101
8654,1081,1101
8660,1081,1101
8899,1081,1101
8922,1081,1101
8949,1081,1101
8960,1081,1101
9141,1081,1101
9186,1081,1101
9221,1081,1101
9253,1081,1101
9323,1081,1101
9365,1081,1101
9379,1081,1101
9461,1081,1101
9477,1081,1101
9530,1081,1101
9548,1081,1101
9621,1081,1101
9634,1081,1101
9717,1081,1101
9730,1081,1101
9797,1081,1101
9812,1081,1101
9979,1081,1101
10002,1081,1101
10018,1081,1101
10127,1081,1101
10171,1081,1101
10236,1081,1101
10274,1081,1101
10337,1081,1101
10375,1081,1101
10436,1081,1101
10474,1081,1101
10533,1081,1101
10571,1081,1101
10636,1081,1101
10674,1081,1101
10735,1081,1101
10773,1081,1101
10836,1081,1101
10874,1081,1101
10937,1081,1101
10975,1081,1101
11036,1081,1101
11074,1081,1101
11137,1081,1101
11175,1081,1101
11234,1081,1101
11272,1081,1101
11335,1081,1101
11373,1081,1101
11438,1081,1101
11476,1081,1101
11535,1081,1101
11573,1081,1101
11628,1081,1101
11666,1081,1101
11725,1081,1101
11763,1081,1101
11828,1081,1101
11866,1081,1101
11925,1081,1101
11963,1081,1101
12024,1081,1101
12062,1081,1101
12125,1081,1101
12163,1081,1101
12224,1081,1101
12262,1081,1101
12325,1081,1101
12363,1081,1101
12424,1081,1101
12462,1081,1101
12527,1081,1101
12565,1081,1101
12630,1081,1101
12668,1081,1101
12731,1081,1101
12769,1081,1101
12832,1081,1101
12870,1081,1101
12935,1081,1101
12973,1081,1101
13036,1081,1101
13074,1081,1101
13139,1081,1101
13177,1081,1101
13236,1081,1101
13274,1081,1101
13333,1081,1101
13371,1081,1101
13436,1081,1101
13474,1081,1101
13531,1081,1101
13569,1081,1101
13632,1081,1101
13670,1081,1101
13735,1081,1101
13773,1081,1101
13832,1081,1101
13870,1081,1101
13935,1081,1101
13973,1081,1101
14036,1081,1101
14074,1081,1101
14139,1081,1101
14177,1081,1101
14240,1081,1101
14278,1081,1101
14339,1081,1101
14377,1081,1101
14442,1081,1101
14480,1081,1101
14543,1081,1101
14581,1081,1101
14646,1081,1101
14684,1081,1101
14747,1081,1101
14785,1081,1101
14840,1081,1101
14878,1081,1101
14941,1081,1101
14979,1081,1101
15040,1081,1101
15078,1081,1101
15141,1081,1101
15179,1081,1101
15242,1081,1101
15280,1081,1101
15345,1081,1101
15383,1081,1101
15444,1081,1101
15482,1081,1101
15547,1081,1101
15585,1081,1101
15640,1081,1101
15678,1081,1101
15739,1081,1101
15777,1081,1101
15842,1081,1101
15880,1081,1101
15943,1081,1101
15981,1081,1101
16042,1081,1101
16080,1081,1101
16145,1081,1101
16183,1081,1101
16244,1081,1101
16282,1081,1101
16343,1081,1101
16381,1081,1101
16444,1081,1101
16482,1081,1101
16546,1081,1101
16590,1081,1101
16655,1081,1101
16693,1081,1101
16761,1081,1101
16805,1081,1101
16869,1081,1101
16913,1081,1101
16971,1081,1101
17015,1081,1101
17079,1081,1101
17123,1081,1101
17189,1081,1101
17233,1081,1101
17299,1081,1101
17343,1081,1101
17406,1081,1101
17444,1081,1101
17505,1081,1101
17543,1081,1101
17609,1081,1101
17647,1081,1101
17711,1081,1101
17755,1081,1101
17821,1081,1101
17865,1081,1101
17933,1081,1101
17977,1081,1101
18043,1081,1101
18087,1081,1101
18153,1081,1101
18197,1081,1101
18261,1081,1101
18305,1081,1101
18364,1081,1101
18458,1081,1101
18566,1081,1101
18576,1081,1101
18764,1081,1101
18791,1081,1101
18811,1081,1101
18827,1081,1101
18855,1081,1101
18880,1081,1101
18900,1081,1101
18918,1081,1101
18931,1081,1101
18964,1081,1101
18981,1081,1101
19004,1081,1101
19021,1081,1101
19034,1081,1101
19072,1081,1101
19089,1081,1101
19173,1081,1101
19195,1081,1101
19261,1081,1101
19282,1081,1101
19299,1081,1101
19308,1081,1101
19318,1081,1101
19358,1081,1101
19367,1081,1101
19438,1081,1101
19478,1081,1101
19578,1081,1101
19686,1081,1101
19764,1081,1101
19804,1081,1101
19894,1081,1101
20005,1081,1101
20018,1081,1101
20067,1081,1101
20143,1081,1101
20204,1081,1101
20289,1081,1101
20389,1081,1101
20402,1081,1101
20517,1081,1101
20536,1081,1101
20635,1081,1101
20696,1081,1101
20757,1081,1101
20775,1081,1101
20804,1081,1101
20814,1081,1101
20842,1081,1101
20855,1081,1101
21384,1081,1101
21520,1081,1101
21553,1081,1101
21646,1081,1101
21880,1081,1101
21898,1081,1101
22037,1081,1101
22056,1081,1101
22087,1081,1101
22097,1081,1101
22125,1081,1101
22138,1081,1101
22760,1081,1101
22821,1081,1101
22968,1081,1101
23109,1081,1101
23123,1081,1101
23151,1081,1101
23237,1081,1101
23253,1081,1101
23411,1081,1101
23416,1081,1101
23429,1081,1101
23546,1081,1101
23552,1081,1101
23561,1081,1101
23585,1081,1101
23605,1081,1101
23618,1081,1101
23644,1081,1101
23661,1081,1101
23675,1081,1101
23689,1081,1101
23717,1081,1101
23730,1081,1101
23764,1081,1101
23778,1081,1101
23792,1081,1101
23809,1081,1101
23845,1081,1101
23861,1081,1101
23891,1081,1101
23910,1081,1101
23924,1081,1101
23938,1081,1101
23959,1081,1101
23971,1081,1101
23984,1081,1101
23997,1081,1101
24036,1081,1101
24068,1081,1101
24100,1081,1101
24133,1081,1101
24146,1081,1101
24181,1081,1101
24261,1081,1101
24276,1081,1101
24299,1081,1101
24404,1081,1101
24509,1081,1101
24525,1081,1101
24593,1081,1101
24609,1081,1101
24673,1081,1101
24689,1081,1101
24731,1081,1101
24754,1081,1101
24771,1081,1101
24888,1081,1101
24928,1081,1101
24956,1081,1101
24973,1081,1101
25048,1081,1101
25060,1081,1101
25077,1081,1101
25097,1081,1101
25114,1081,1101
25131,1081,1101
25254,1081,1101
25313,1081,1101
25330,1081,1101
25360,1081,1101
25396,1081,1101
25455,1081,1101
25472,1081,1101
25502,1081,1101
25535,1081,1101
25590,1081,1101
25639,1081,1101
25663,1081,1101
25803,1081,1101
25826,1081,1101
25843,1081,1101
25958,1081,1101
26002,1081,1101
26057,1081,1101
26095,1081,1101
26154,1081,1101
26192,1081,1101
26255,1081,1101
26293,1081,1101
26354,1081,1101
26392,1081,1101
26457,1081,1101
26495,1081,1101
26560,1081,1101
26598,1081,1101
26657,1081,1101
26695,1081,1101
26754,1081,1101
26792,1081,1101
26849,1081,1101
26890,1081,1101
26951,1081,1101
26989,1081,1101
27054,1081,1101
27092,1081,1101
27155,1081,1101
27193,1081,1101
27248,1081,1101
27286,1081,1101
27347,1081,1101
27385,1081,1101
27446,1081,1101
27484,1081,1101
27547,1081,1101
27585,1081,1101
27648,1081,1101
27686,1081,1101
27751,1081,1101
27789,1081,1101
27850,1081,1101
27888,1081,1101
27949,1081,1101
27987,1081,1101
28044,1081,1101
28082,1081,1101
28145,1081,1101
28183,1081,1101
28246,1081,1101
28284,1081,1101
28343,1081,1101
28381,1081,1101
28438,1081,1101
28476,1081,1101
28541,1081,1101
28579,1081,1101
28640,1081,1101
28678,1081,1101
28739,1081,1101
28777,1081,1101
28834,1081,1101
28872,1081,1101
28929,1081,1101
28967,1081,1101
29022,1081,1101
29060,1081,1101
29125,1081,1101
29163,1081,1101
29228,1081,1101
29266,1081,1101
29331,1081,1101
29369,1081,1101
29434,1081,1101
29472,1081,1101
29535,1081,1101
29573,1081,1101
29638,1081,1101
29676,1081,1101
29739,1081,1101
29777,1081,1101
29842,1081,1101
29880,1081,1101
29945,1081,1101
29983,1081,1101
30042,1081,1101
30080,1081,1101
30141,1081,1101
30179,1081,1101
30242,1081,1101
30280,1081,1101
30339,1081,1101
30377,1081,1101
30440,1081,1101
30478,1081,1101
30531,1081,1101
30569,1081,1101
30640,1081,1101
30678,1081,1101
30743,1081,1101
30781,1081,1101
30840,1081,1101
30878,1081,1101
30941,1081,1101
30979,1081,1101
31042,1081,1101
31080,1081,1101
31145,1081,1101
31183,1081,1101
31246,1081,1101
31284,1081,1101
31349,1081,1101
31387,1081,1101
31450,1081,1101
31488,1081,1101
31543,1081,1101
31581,1081,1101
31642,1081,1101
31680,1081,1101
31739,1081,1101
31777,1081,1101
31840,1081,1101
31878,1081,1101
31939,1081,1101
31977,1081,1101
32046,1081,1101
32084,1081,1101
32143,1081,1101
32181,1081,1101
32242,1081,1101
32280,1081,1101
32348,1081,1101
32392,1081,1101
32453,1081,1101
32491,1081,1101
32559,1081,1101
32603,1081,1101
32675,1081,1101
32719,1081,1101
32783,1081,1101
32827,1081,1101
32891,1081,1101
32935,1081,1101
33003,1081,1101
33047,1081,1101
33123,1081,1101
33167,1081,1101
33229,1081,1101
33273,1081,1101
33339,1081,1101
33383,1081,1101
33451,1081,1101
33495,1081,1101
33561,1081,1101
33605,1081,1101
33665,1081,1101
33709,1081,1101
33773,1081,1101
33817,1081,1101
33877,1081,1101
33921,1081,1101
33981,1081,1101
34025,1081,1101
34089,1081,1101
34133,1081,1101
34193,1081,1101
34237,1081,1101
34297,1081,1101
34341,1081,1101
34399,1081,1101
34443,1081,1101
34505,1081,1101
34549,1081,1101
34613,1081,1101
34657,1081,1101
34717,1081,1101
34761,1081,1101
34821,1081,1101
34865,1081,1101
34929,1081,1101
34973,1081,1101
35031,1081,1101
35075,1081,1101
35137,1081,1101
35181,1081,1101
35243,1081,1101
35287,1081,1101
35355,1081,1101
35399,1081,1101
35461,1081,1101
35505,1081,1101
35567,1081,1101
35611,1081,1101
35675,1081,1101
35719,1081,1101
35785,1081,1101
35829,1081,1101
35887,1081,1101
35931,1081,1101
35997,1081,1101
36041,1081,1101
36099,1081,1101
36143,1081,1101
36212,1081,1101
36250,1081,1101
36313,1081,1101
36351,1081,1101
36413,1081,1101
36457,1081,1101
36521,1081,1101
36565,1081,1101
36625,1081,1101
36669,1081,1101
36737,1081,1101
36781,1081,1101
36845,1081,1101
36889,1081,1101
36957,1081,1101
37001,1081,1101
37069,1081,1101
37113,1081,1101
37177,1081,1101
37221,1081,1101
37281,1081,1101
37325,1081,1101
37397,1081,1101
37441,1081,1101
37515,1081,1101
37559,1081,1101
37621,1081,1101
37665,1081,1101
37723,1081,1101
37767,1081,1101
37831,1081,1101
37875,1081,1101
37949,1081,1101
37993,1081,1101
38059,1081,1101
38103,1081,1101
38167,1081,1101
38211,1081,1101
38279,1081,1101
38323,1081,1101
38387,1081,1101
38431,1081,1101
38493,1081,1101
38537,1081,1101
38597,1081,1101
38641,1081,1101
38703,1081,1101
38747,1081,1101
38805,1081,1101
38849,1081,1101
38907,1081,1101
38951,1081,1101
39025,1081,1101
39069,1081,1101
39129,1081,1101
39173,1081,1101
39235,1081,1101
39279,1081,1101
39341,1081,1101
39385,1081,1101
39451,1081,1101
39495,1081,1101
39557,1081,1101
39601,1081,1101
39667,1081,1101
39711,1081,1101
39779,1081,1101
39823,1081,1101
39895,1081,1101
39939,1081,1101
40003,1081,1101
40047,1081,1101
40115,1081,1101
40159,1081,1101
40213,1081,1101
40226,1081,1101
40421,1081,1101
40470,1081,1101
40582,1081,1101
40676,1081,1101
40696,1081,1101
40757,1081,1101
40775,1081,1101
40812,1081,1101
40884,1081,1101
40915,1081,1101
40937,1081,1101
41192,1081,1101
41210,1081,1101
42169,1081,1101
42174,1081,1101
42187,1081,1101
42264,1081,1101
42440,1081,1101
42458,1081,1101
42605,1081,1101
42615,1081,1101
42628,1081,1101
42641,1081,1101
42687,1081,1101
42700,1081,1101
42713,1081,1101
42726,1081,1101
42790,1081,1101
42803,1081,1101
42816,1081,1101
42829,1081,1101
42856,1081,1101
42874,1081,1101
43038,1081,1101
43288,1081,1101
43362,1081,1101
43445,1081,1101
43464,1081,1101
43528,1081,1101
43539,1081,1101
43557,1081,1101
43565,1081,1101
43585,1081,1101
43716,1081,1101
43914,1081,1101
43965,1081,1101
44110,1081,1101
44143,1081,1101
44186,1081,1101
44219,1081,1101
44270,1081,1101
44285,1081,1101
44299,1081,1101
44366,1080,1100
44373,1080,1100
44410,1080,1100
44414,1080,1100
44418,1080,1100
44422,1080,1100
44539,1081,1101
44657,1081,1101
44892,1081,1101
45095,1081,1101
45216,1081,1101
45231,1081,1101
45285,1081,1101
45300,1081,1101
45322,1081,1101
45330,1081,1101
45335,1081,1101
45392,1081,1101
45417,1081,1101
45460,1081,1101
45512,1081,1101
45609,1081,1101
45647,1081,1101
45653,1081,1101
45659,1081,1101
45731,1081,1101
45748,1081,1101
45777,1081,1101
45794,1081,1101
45799,1081,1101
45805,1081,1101
45816,1081,1101
45894,1081,1101
45939,1081,1101
45993,1081,1101
46071,1081,1101
46117,1081,1101
46180,1081,1101
46207,1081,1101
46252,1081,1101
46282,1081,1101
46295,1081,1101
46313,1081,1101
46340,1081,1101
46349,1081,1101
46358,1081,1101
46371,1081,1101
46482,1081,1101
46574,1081,1101
46625,1081,1101
46687,1081,1101
46831,1081,1101
46890,1081,1101
46910,1081,1101
46994,1081,1101
47014,1081,1101
47073,1081,1101
47091,1081,1101
47128,1081,1101
47157,1081,1101
47272,1081,1101
47287,1081,1101
47993,1081,1101
47998,1081,1101
48011,1081,1101
48284,1081,1101
48301,1081,1101
48342,1081,1101
48360,1081,1101
48378,1081,1101
48430,1081,1101
48447,1081,1101
48465,1081,1101
48507,1081,1101
48521,1081,1101
48526,1081,1101
48556,1081,1101
48569,1081,1101
48574,1081,1101
48603,1081,1101
48616,1081,1101
48629,1081,1101
48653,1081,1101
48664,1081,1101
48689,1081,1101
48700,1081,1101
48720,1081,1101
48731,1081,1101
48801,1081,1101
48812,1081,1101
48866,1081,1101
48909,1080,1100
48924,1081,1101
48941,1081,1101
49013,1081,1101
49035,1081,1101
49052,1081,1101
49169,1081,1101
49234,1081,1101
49252,1081,1101
49294,1081,1101
49451,1081,1101
49477,1081,1101
49499,1081,1101
49517,1081,1101
49566,1081,1101
49572,1081,1101
49607,1081,1101
49612,1081,1101
49623,1081,1101
49640,1081,1101
49735,1081,1101
49820,1081,1101
49885,1081,1101
49903,1081,1101
49949,1081,1101
50017,1081,1101
50023,1081,1101
50042,1081,1101
50049,1081,1101
50084,1081,1101
50119,1081,1101
50165,1081,1101
50197,1081,1101
50219,1081,1101
50234,1081,1101
50305,1081,1101
50368,1081,1101
50386,1081,1101
50426,1081,1101
50493,1081,1101
50624,1081,1101
50693,1081,1101
50763,1081,1101
50902,1081,1101
50981,1081,1101
51126,1081,1101
51261,1081,1101
51365,1081,1101
51377,1081,1101
51513,1081,1101
51532,1081,1101
51568,1081,1101
51591,1081,1101
51611,1081,1101
51631,1081,1101
51675,1081,1101
51834,1081,1101
52146,1081,1101
52450,1081,1101
52479,1081,1101
52517,1081,1101
52536,1081,1101
52563,1082,1102
52591,1082,1102
52616,1082,1102
52646,1082,1102
52668,1082,1102
52698,1082,1102
52720,1082,1102
52752,1082,1102
52777,1082,1102
52809,1082,1102
52819,1081,1101
52854,1082,1102
52872,1082,1102
52897,1082,1102
52915,1082,1102
52934,1082,1102
52943,1082,1102
52948,1082,1102
52954,1082,1102
52960,1081,1101
52965,1082,1102
52976,1082,1102
52981,1080,1100
52989,1082,1102
52999,1081,1101
53004,1082,1102
53009,1082,1102
53047,1081,1101
53068,1082,1102
53074,1081,1101
53086,1082,1102
53098,1081,1101
53103,1082,1102
53111,1082,1102
53130,1082,1102
53135,1082,1102
53154,1082,1102
53160,1082,1102
53186,1082,1102
53191,1082,1102
53218,1082,1102
53223,1082,1102
53253,1082,1102
53258,1082,1102
53285,1082,1102
53290,1082,1102
53317,1082,1102
53322,1082,1102
53341,1082,1102
53397,1081,1101
53411,1081,1101
53439,1081,1101
53461,1081,1101
53493,1081,1101
53506,1081,1101
53589,1081,1101
53602,1081,1101
53685,1081,1101
53700,1081,1101
53712,1081,1101
53775,1081,1101
53803,1081,1101
53847,1081,1101
53862,1081,1101
54180,1081,1101
54204,1081,1101
54221,1081,1101
54231,1081,1101
54349,1081,1101
54468,1081,1101
54821,1081,1101
54889,1081,1101
54931,1081,1101
54937,1081,1101
54942,1081,1101
54952,1081,1101
54963,1081,1101
54972,1081,1101
54982,1081,1101
54993,1081,1101
55003,1081,1101
55018,1081,1101
55066,1081,1101
55082,1081,1101
55110,1081,1101
55237,1081,1101
55250,1081,1101
55438,1081,1101
55498,1081,1101
55518,1081,1101
55618,1081,1101
55638,1081,1101
55697,1081,1101
55715,1081,1101
55753,1081,1101
55812,1081,1101
55843,1081,1101
55865,1081,1101
55961,1081,1101
56023,1081,1101
56142,1081,1101
56168,1081,1101
56183,1081,1101
56807,1081,1101
56939,1081,1101
56972,1081,1101
57069,1081,1101
57074,1081,1101
57087,1081,1101
57126,1081,1101
57304,1081,1101
57322,1081,1101
57393,1081,1101
57431,1081,1101
57510,1081,1101
57581,1081,1101
57608,1081,1101
57626,1081,1101
57690,1081,1101
57735,1081,1101
57789,1081,1101
57854,1081,1101
57893,1081,1101
57906,1081,1101
57989,1081,1101
58003,1081,1101
58111,1081,1101
58127,1081,1101
58143,1081,1101
58153,1081,1101
58305,1081,1101
58417,1081,1101
58437,1081,1101
58450,1081,1101
58533,1081,1101
58546,1081,1101
58631,1081,1101
58651,1081,1101
58693,1081,1101
59077,1081,1101
59099,1081,1101
59114,1081,1101
59242,1081,1101
59257,1081,1101
59287,1081,1101
59297,1081,1101
59302,1081,1101
59312,1081,1101
59317,1081,1101
59327,1081,1101
59332,1081,1101
59342,1081,1101
59429,1081,1101
59448,1081,1101
59539,1081,1101
59566,1081,1101
59582,1081,1101
59590,1081,1101
59705,1081,1101
59788,1081,1101
59820,1081,1101
59909,1081,1101
59923,1081,1101
60005,1081,1101
60027,1081,1101
60045,1081,1101
60165,1081,1101
60202,1081,1101
60218,1081,1101
60236,1081,1101
60249,1081,1101
60337,1081,1101
60350,1081,1101
60392,1081,1101
60432,1081,1101
60453,1081,1101
60519,1081,1101
60562,1081,1101
60629,1081,1101
60683,1081,1101
60708,1081,1101
60734,1081,1101
60758,1081,1101
60790,1081,1101
60865,1081,1101
60878,1081,1101
60897,1081,1101
60922,1081,1101
60942,1081,1101
61005,1081,1101
61038,1081,1101
61078,1081,1101
61306,1081,1101
61318,1081,1101
61363,1081,1101
61377,1081,1101
61392,1081,1101
61402,1081,1101
61409,1081,1101
61444,1081,1101
61663,1081,1101
61679,1081,1101
61694,1081,1101
61749,1081,1101
61764,1081,1101
61783,1081,1101
61941,1081,1101
61957,1081,1101
61976,1081,1101
61986,1081,1101
62011,1081,1101
62070,1081,1101
62167,1081,1101
62181,1081,1101
62197,1081,1101
62216,1082,1102
62225,1082,1102
62277,1082,1102
62303,1082,1102
62325,1082,1102
62363,1081,1101
62386,1081,1101
62403,1081,1101
62425,1081,1101
62445,1081,1101
62460,1081,1101
62540,1081,1101
62557,1081,1101
62577,1081,1101
62624,1081,1101
62670,1081,1101
62690,1081,1101
62705,1081,1101
62712,1081,1101
62733,1081,1101
62841,1081,1101
63022,1081,1101
63065,1081,1101
63082,1081,1101
63097,1081,1101
63111,1081,1101
63202,1081,1101
63273,1081,1101
63288,1081,1101
63317,1081,1101
63332,1081,1101
63397,1081,1101
63462,1081,1101
63527,1081,1101
63551,1081,1101
63586,1081,1101
63609,1081,1101
63622,1081,1101
63643,1081,1101
63656,1081,1101
63688,1081,1101
63701,1081,1101
63969,1081,1101
64050,1081,1101
64076,1081,1101
64103,1081,1101
64128,1081,1101
64144,1081,1101
64168,1081,1101
64200,1081,1101
64214,1081,1101
64231,1081,1101
64263,1081,1101
64280,1081,1101
64304,1081,1101
64321,1081,1101
64357,1081,1101
64427,1081,1101
64531,1081,1101
64556,1081,1101
64572,1081,1101
64623,1081,1101
64690,1081,1101
64710,1081,1101
64794,1081,1101
64818,1081,1101
64855,1081,1101
64933,1081,1101
64946,1081,1101
65045,1081,1101
65059,1081,1101
65176,1081,1101
65196,1081,1101
65212,1081,1101
65228,1081,1101
65241,1081,1101
65331,1081,1101
65420,1081,1101
65541,1081,1101
65874,1081,1101
65890,1081,1101
65919,1081,1101
65963,1081,1101
65978,1081,1101
65996,1081,1101
66006,1081,1101
66034,1081,1101
66047,1081,1101
66125,1081,1101
66130,1081,1101
66143,1081,1101
66229,1081,1101
66244,1081,1101
66277,1081,1101
66287,1081,1101
66315,1081,1101
66328,1081,1101
66373,1081,1101
66520,1081,1101
66538,1081,1101
67315,1081,1101
67328,1081,1101
67340,1081,1101
67360,1081,1101
67381,1081,1101
67397,1081,1101
67428,1082,1102
67445,1082,1102
67456,1081,1101
67483,1081,1101
67514,1081,1101
67562,1081,1101
67572,1081,1101
67583,1081,1101
67599,1081,1101
67614,1081,1101
67688,1081,1101
67699,1081,1101
67716,1081,1101
67731,1081,1101
67803,1081,1101
67812,1081,1101
67865,1081,1101
67874,1081,1101
67883,1081,1101
67935,1081,1101
67940,1081,1101
68003,1082,1102
68029,1082,1102
68034,1082,1102
68039,1082,1102
68046,1082,1102
68070,1082,1102
68097,1082,1102
68103,1082,1102
68115,1082,1102
68134,1082,1102
68149,1081,1101
68161,1081,1101
68185,1082,1102
68193,1082,1102
68215,1082,1102
68236,1082,1102
68267,1081,1101
68284,1081,1101
68352,1081,1101
68421,1081,1101
68434,1081,1101
68456,1081,1101
68461,1081,1101
68476,1081,1101
68481,1081,1101
68565,1081,1101
68580,1081,1101
68632,1081,1101
68664,1081,1101
68696,1081,1101
68703,1081,1101
68719,1081,1101
68751,1081,1101
68847,1081,1101
69205,1081,1101
69248,1081,1101
69310,1081,1101
69354,1081,1101
69413,1081,1101
69428,1081,1101
69446,1081,1101
69456,1081,1101
69484,1081,1101
69497,1081,1101
69581,1081,1101
69586,1081,1101
69599,1081,1101
69621,1081,1101
69795,1081,1101
69800,1081,1101
69813,1081,1101
69848,1081,1101
69861,1081,1101
70266,1081,1101
70323,1081,1101
70378,1081,1101
70661,1081,1101
70674,1081,1101
70705,1081,1101
70901,1081,1101
70917,1081,1101
70940,1081,1101
71269,1081,1101
71284,1081,1101
71303,1081,1101
71310,1081,1101
71344,1081,1101
71380,1081,1101
71413,1081,1101
71429,1081,1101
71448,1081,1101
71492,1081,1101
71548,1081,1101
71591,1081,1101
71634,1081,1101
71678,1081,1101
71717,1081,1101
71729,1081,1101
71829,1081,1101
71845,1081,1101
72037,1081,1101
72053,1081,1101
72245,1081,1101
72261,1081,1101
72453,1081,1101
72469,1081,1101
72725,1081,1101
72738,1081,1101
72837,1081,1101
72850,1081,1101
73267,1081,1101
73272,1081,1101
73285,1081,1101
73347,1081,1101
73352,1081,1101
73365,1081,1101
73432,1081,1101
73437,1081,1101
73455,1081,1101
73515,1081,1101
73624,1081,1101
73640,1081,1101
73735,1081,1101
73779,1081,1101
73807,1081,1101
73835,1081,1101
73859,1081,1101
73882,1080,1100
73911,1081,1101
73926,1082,1102
73941,1081,1101
73957,1081,1101
73977,1081,1101
74006,1081,1101
74064,1081,1101
74087,1081,1101
74143,1081,1101
74258,1081,1101
74510,1081,1101
74516,1081,1101
74532,1081,1101
74543,1082,1102
74549,1081,1101
74569,1081,1101
74590,1082,1102
74601,1082,1102
74625,1081,1101
74647,1082,1102
74660,1082,1102
74720,1081,1101
74726,1081,1101
74746,1081,1101
74808,1081,1101
74814,1081,1101
74820,1081,1101
74826,1081,1101
74832,1081,1101
74839,1081,1101
74940,1081,1101
75034,1081,1101
75140,1081,1101
75149,1081,1101
75156,1082,1102
75161,1082,1102
75183,1081,1101
75195,1081,1101
75225,1081,1101
75233,1081,1101
75243,1081,1101
75254,1082,1102
75276,1081,1101
75285,1082,1102
75309,1081,1101
75333,1082,1102
75354,1081,1101
75359,1081,1101
75365,1082,1102
75392,1081,1101
75397,1081,1101
75409,1082,1102
75425,1081,1101
75431,1082,1102
75438,1082,1102
75461,1082,1102
75467,1081,1101
75500,1081,1101
75505,1082,1102
75522,1081,1101
75546,1082,1102
75570,1082,1102
75576,1081,1101
75596,1082,1102
75629,1081,1101
75646,1081,1101
75657,1082,1102
75665,1082,1102
75708,1081,1101
75715,1081,1101
75720,1082,1102
75725,1082,1102
75732,1082,1102
75745,1081,1101
75762,1081,1101
75791,1081,1101
75804,1081,1101
75828,1081,1101
75911,1081,1101
75956,1081,1101
76028,1081,1101
76074,1081,1101
76079,1081,1101
76108,1081,1101
76185,1081,1101
76190,1081,1101
76216,1081,1101
76222,1081,1101
76228,1081,1101
76234,1081,1101
76240,1081,1101
76246,1081,1101
76253,1081,1101
76260,1081,1101
76267,1081,1101
76274,1081,1101
76281,1081,1101
76288,1081,1101
76295,1081,1101
76303,1081,1101
76311,1081,1101
76319,1081,1101
76331,1081,1101
76340,1081,1101
76345,1081,1101
76351,1081,1101
76361,1081,1101
76370,1081,1101
76381,1081,1101
76393,1081,1101
76398,1081,1101
76414,1081,1101
76419,1081,1101
76425,1081,1101
76431,1081,1101
76453,1081,1101
76460,1081,1101
76468,1081,1101
76474,1081,1101
76480,1081,1101
76486,1081,1101
76491,1081,1101
76506,1081,1101
76511,1081,1101
76544,1081,1101
76549,1081,1101
76730,1081,1101
76735,1081,1101
76753,1081,1101
76783,1080,1100
76803,1080,1100
76809,1080,1100
76914,1081,1101
76920,1081,1101
76926,1081,1101
76932,1081,1101
76945,1081,1101
76980,1081,1101
76993,1081,1101
77005,1081,1101
77013,1081,1101
77021,1081,1101
77033,1081,1101
77069,1081,1101
77077,1081,1101
77088,1081,1101
77094,1081,1101
77100,1081,1101
77106,1081,1101
77112,1081,1101
77118,1081,1101
77124,1081,1101
77130,1081,1101
77136,1081,1101
77142,1081,1101
77148,1081,1101
77156,1081,1101
77162,1081,1101
77168,1081,1101
77242,1081,1101
77264,1081,1101
77290,1081,1101
77302,1081,1101
77314,1081,1101
77326,1081,1101
77348,1081,1101
77370,1081,1101
77382,1081,1101
77394,1081,1101
77416,1081,1101
77431,1081,1101
77453,1081,1101
77479,1081,1101
77501,1081,1101
77545,1081,1101
77604,1081,1101
77619,1082,1102
77627,1082,1102
77649,1081,1101
77692,1081,1101
77743,1081,1101
77785,1081,1101
77817,1081,1101
77852,1081,1101
77879,1081,1101
77916,1081,1101
77943,1081,1101
77952,1081,1101
77984,1081,1101
78042,1081,1101
78169,1081,1101
78204,1081,1101
78252,1081,1101
78275,1081,1101
78311,1081,1101
78327,1081,1101
78349,1081,1101
78375,1081,1101
78397,1081,1101
78444,1081,1101
78492,1081,1101
78562,1081,1101
78614,1081,1101
78654,1081,1101
78697,1081,1101
78750,1081,1101
78809,1081,1101
78854,1081,1101
78894,1081,1101
78922,1081,1101
78963,1081,1101
78983,1081,1101
79005,1081,1101
79054,1081,1101
79097,1081,1101
79163,1081,1101
79194,1081,1101
79206,1081,1101
79218,1081,1101
79230,1081,1101
79242,1081,1101
79254,1081,1101
79266,1081,1101
79278,1081,1101
79290,1081,1101
79302,1081,1101
79314,1081,1101
79326,1081,1101
79338,1081,1101
79350,1081,1101
79362,1081,1101
79374,1081,1101
79386,1081,1101
79398,1081,1101
79410,1081,1101
79422,1081,1101
79434,1081,1101
79446,1081,1101
79458,1081,1101
79470,1081,1101
79482,1081,1101
79494,1081,1101
79506,1081,1101
79518,1081,1101
79530,1081,1101
79542,1081,1101
79554,1081,1101
79566,1081,1101
79578,1081,1101
79590,1081,1101
79602,1081,1101
79614,1081,1101
79626,1081,1101
79638,1081,1101
79650,1081,1101
79662,1081,1101
79674,1081,1101
79686,1081,1101
79698,1081,1101
79710,1081,1101
79722,1081,1101
79734,1081,1101
79746,1081,1101
79758,1081,1101
79770,1081,1101
79782,1081,1101
79794,1081,1101
79806,1081,1101
79818,1081,1101
79830,1081,1101
79842,1081,1101
79854,1081,1101
79866,1081,1101
79878,1081,1101
79890,1081,1101
79902,1081,1101
79914,1081,1101
79926,1081,1101
79938,1081,1101
79950,1081,1101
79962,1081,1101
79974,1081,1101
79986,1081,1101
79998,1081,1101
80010,1081,1101
80022,1081,1101
80034,1081,1101
80046,1081,1101
80058,1081,1101
80070,1081,1101
80082,1081,1101
80094,1081,1101
80106,1081,1101
80118,1081,1101
80130,1081,1101
80142,1081,1101
80154,1081,1101
80166,1081,1101
80178,1081,1101
80190,1081,1101
80202,1081,1101
80214,1081,1101
80226,1081,1101
80238,1081,1101
80250,1081,1101
80262,1081,1101
80274,1081,1101
80286,1081,1101
80298,1081,1101
80310,1081,1101
80322,1081,1101
80334,1081,1101
80346,1081,1101
80358,1081,1101
80370,1081,1101
80382,1081,1101
80394,1081,1101
80406,1081,1101
80418,1081,1101
80430,1081,1101
80442,1081,1101
80454,1081,1101
80466,1081,1101
80478,1081,1101
80490,1081,1101
80502,1081,1101
80514,1081,1101
80526,1081,1101
80538,1081,1101
80550,1081,1101
80562,1081,1101
80574,1081,1101
80586,1081,1101
80598,1081,1101
80610,1081,1101
80622,1081,1101
80634,1081,1101
80646,1081,1101
80658,1081,1101
80670,1081,1101
80682,1081,1101
80694,1081,1101
80706,1081,1101
80718,1081,1101
80730,1081,1101
80742,1081,1101
80754,1081,1101
80766,1081,1101
80778,1081,1101
80790,1081,1101
80802,1081,1101
80814,1081,1101
80826,1081,1101
80867,1081,1101
80947,1081,1101
80967,1081,1101
80989,1081,1101
81018,1081,1101
81030,1081,1101
81042,1081,1101
81054,1081,1101
81066,1081,1101
81078,1081,1101
81090,1081,1101
81102,1081,1101
81114,1081,1101
81126,1081,1101
81138,1081,1101
81150,1081,1101
81162,1081,1101
81174,1081,1101
81186,1081,1101
81198,1081,1101
81210,1081,1101
81222,1081,1101
81234,1081,1101
81246,1081,1101
81258,1081,1101
81270,1081,1101
81282,1081,1101
81294,1081,1101
81306,1081,1101
81318,1081,1101
81330,1081,1101
81342,1081,1101
81354,1081,1101
81366,1081,1101
81378,1081,1101
81390,1081,1101
81402,1081,1101
81414,1081,1101
81426,1081,1101
81438,1081,1101
81450,1081,1101
81462,1081,1101
81474,1081,1101
81486,1081,1101
81498,1081,1101
81510,1081,1101
81522,1081,1101
81534,1081,1101
81546,1081,1101
81558,1081,1101
81570,1081,1101
81582,1081,1101
81594,1081,1101
81606,1081,1101
81618,1081,1101
81630,1081,1101
81642,1081,1101
81654,1081,1101
81666,1081,1101
81678,1081,1101
81690,1081,1101
81702,1081,1101
81714,1081,1101
81726,1081,1101
81738,1081,1101
81750,1081,1101
81762,1081,1101
81774,1081,1101
81786,1081,1101
81798,1081,1101
81810,1081,1101
81822,1081,1101
81834,1081,1101
81846,1081,1101
81858,1081,1101
81870,1081,1101
81882,1081,1101
81894,1081,1101
81906,1081,1101
81918,1081,1101
81930,1081,1101
81942,1081,1101
81954,1081,1101
81966,1081,1101
81978,1081,1101
82019,1081,1101
82065,1081,1101
82110,1081,1101
82156,1081,1101
82204,1081,1101
82244,1081,1101
82298,1081,1101
82330,1081,1101
82371,1081,1101
82394,1081,1101
82435,1081,1101
82539,1081,1101
82621,1081,1101
82647,1081,1101
82669,1081,1101
82713,1081,1101
82727,1081,1101
82749,1081,1101
82775,1081,1101
82805,1081,1101
82834,1081,1101
82843,1081,1101
82860,1081,1101
82879,1081,1101
82940,1081,1101
82963,1082,1102
82971,1082,1102
83005,1081,1101
83133,1081,1101
83198,1081,1101
83268,1081,1101
83287,1081,1101
83296,1081,1101
83326,1081,1101
83374,1081,1101
83409,1081,1101
83439,1081,1101
83515,1081,1101
83578,1081,1101
83633,1081,1101
83723,1081,1101
83772,1081,1101
83828,1081,1101
83890,1081,1101
83912,1081,1101
83956,1082,1102
83965,1081,1101
83970,1082,1102
83976,1082,1102
83982,1082,1102
83988,1082,1102
83994,1082,1102
84006,1081,1101
84016,1081,1101
84029,1081,1101
84034,1081,1101
84040,1081,1101
84044,1081,1101
84049,1081,1101
84055,1081,1101
84068,1081,1101
84073,1081,1101
84083,1081,1101
84120,1082,1102
84133,1081,1101
84143,1081,1101
84154,1081,1101
84158,1081,1101
86025,10c440,024c00
86036,10c44189,024c014b
86048,10c44227,024c0241
86056,10c444b5,024c049b
86064,10c44552,024c0542
86076,4d0dd510c44d2110c44c4c10c44b7910c44a3b10c4494610c4488010c447d410c446cc,4c0ba5024c0af9024c09f8024c093d024c08c0024c083e024c0749024c066e024c05c2
86129,4e0231024e00,4d0000024c0d
86144,10c45999,024d071a
86156,10c45cba10c45bf510c45b8310c45af010c459f9,024d0b3d024d0a30024d08f3024d0828024d075c
86180,10c45d9c,024d0bda
86188,10c45e47,024d0c51
86194,055a024f,0000024e
86204,10c4748010c4734610c4729410c4716c10c47000,024f0ed7024f0e2b024f0d7f024f0bc3024f0aab
86228,10c4767c10c47547,02500000024f0f4c
86242,6a25,66bf
86246,6a25,66bf
86250,6a25,66bf
86254,6a24,66be
86258,6a24,66be
86262,6a24,66be
86266,6a25,66bf
86270,6a25,66bf
86274,6a25,66bf
86278,6a25,66bf
86282,6a24,66be
86286,6a24,66be
86290,6a25,66bf
86294,6a24,66be
86298,6a25,66bf
86302,6a24,66be
86310,642f,678a
86314,642e,6789
86318,642f,678a
86322,642c,6787
86326,642e,6789
86330,642c,6787
86334,642f,678a
86338,642c,6787
86342,642c,6787
86346,642c,6787
86350,642c,6787
86354,6430,678b
86358,642c,6787
86362,642e,6789
86366,642c,6787
86370,642f,678a
86374,642e,6789
86378,642e,6789
86382,642c,6787
86386,642c,6787
86390,6430,678b
86394,642b,6786
86398,642c,6787
86402,642b,6786
86406,642f,678a
86410,642b,6786
86414,642b,6786
86418,642f,678a
86422,642b,6786
86426,642e,6789
86430,642f,678a
86434,642b,6786
86438,642b,6786
86442,642b,6786
86446,642b,6786
86450,6432,678d
86454,642f,678a
86458,6430,678b
86462,6430,678b
86466,642e,6789
86470,642e,6789
86474,642e,6789
86478,642e,6789
86482,642e,6789
86486,642f,678a
86490,642f,678a
86494,642e,6789
86498,642e,6789
86502,642c,6787
86506,642f,678a
86544,10c4771e,025000c2
86586,1081,1101
86590,1081,1101
86594,1081,1101
86598,1081,1101
86602,1081,1101
86614,1081,1101
86686,1081,1101
86690,1081,1101
86694,1081,1101
86698,1081,1101
86702,1081,1101
86706,1081,1101
86710,1081,1101
86714,1081,1101
86718,1081,1101
86722,1081,1101
86726,1081,1101
86730,1081,1101
86734,1081,1101
86742,1081,1101
86746,1081,1101
86958,1081,1101
86962,1080,1100
86966,1081,1101
86970,1081,1101
86974,1080,1100
86978,1080,1100
86982,1081,1101
86986,1080,1100
86990,1080,1100
102198,1081,1101
102202,1080,1100
102298,1081,1101
102302,1080,1100
102306,1080,1100
102446,1081,1101
102450,1080,1100
102454,1080,1100
102458,1080,1100
102462,1080,1100
102574,1081,1101
102578,1081,1101
102582,1081,1101
102586,1081,1101
102590,1081,1101
102650,1081,1101
102654,1080,1100
102818,1081,1101
102822,1080,1100
102826,1080,1100
103690,1081,1101
103694,1081,1101
103698,1081,1101
103702,1081,1101
103706,1081,1101
103710,1081,1101
103714,1080,1100
103806,1081,1101
103810,1081,1101
103902,1081,1101
103906,1081,1101
103922,1081,1101
103926,1081,1101
103934,1081,1101
103958,1081,1101
103974,1081,1101
103978,1081,1101
103994,1081,1101
103998,1081,1101
104002,1081,1101
104006,1081,1101
104014,1081,1101
104038,1081,1101
104054,1081,1101
104058,1081,1101
104074,1081,1101
104078,1081,1101
104082,1081,1101
104090,1081,1101
104114,1081,1101
104130,1081,1101
104134,1081,1101
104150,1081,1101
104154,1081,1101
104158,1081,1101
104166,1081,1101
104190,1081,1101
104206,1081,1101
104210,1081,1101
104218,1081,1101
104242,1081,1101
104258,1081,1101
104262,1081,1101
104278,1081,1101
104282,1081,1101
104290,1081,1101
104314,1081,1101
104330,1081,1101
104334,1081,1101
104350,1081,1101
104354,1081,1101
104358,1081,1101
104362,1081,1101
104370,1081,1101
104394,1081,1101
104410,1081,1101
104414,1081,1101
104430,1081,1101
104434,1081,1101
104438,1081,1101
104446,1081,1101
104470,1081,1101
104486,1081,1101
104490,1081,1101
104498,1081,1101
104522,1081,1101
104538,1081,1101
104542,1081,1101
104558,1081,1101
104562,1081,1101
104578,1081,1101
104582,1081,1101
104590,1081,1101
104614,1081,1101
104630,1081,1101
104634,1081,1101
104650,1081,1101
104654,1081,1101
104658,1081,1101
104666,1081,1101
104690,1081,1101
104706,1081,1101
104710,1081,1101
104718,1081,1101
104742,1081,1101
104758,1081,1101
104762,1081,1101
104778,1081,1101
104782,1081,1101
104786,1081,1101
104794,1081,1101
104818,1081,1101
104834,1081,1101
104838,1081,1101
104854,1081,1101
104858,1081,1101
104866,1081,1101
104890,1081,1101
104906,1081,1101
104910,1081,1101
105238,1081,1101
105242,1081,1101
105274,1081,1101
105306,1081,1101
105334,1081,1101
105338,1081,1101
105370,1081,1101
105402,1081,1101
105410,1081,1101
105414,1081,1101
105438,1081,1101
105442,1081,1101
105450,1081,1101
105470,1081,1101
105478,1081,1101
105498,1080,1100
105506,1081,1101
105526,1080,1100
105534,1081,1101
105538,1081,1101
105542,1081,1101
105550,1080,1100
105558,1081,1101
105566,1081,1101
105586,1080,1100
105594,1081,1101
105598,1081,1101
105606,1080,1100
105614,1081,1101
105622,1081,1101
105630,1081,1101
105638,1081,1101
105646,1081,1101
105666,1080,1100
105674,1081,1101
105678,1081,1101
105682,1081,1101
105690,1080,1100
105698,1081,1101
105706,1081,1101
105734,1081,1101
105750,1081,1101
105758,1081,1101
105786,1081,1101
105814,1081,1101
105842,1081,1101
105850,1081,1101
105854,1081,1101
105870,1081,1101
105886,1081,1101
105910,1081,1101
105914,1081,1101
105922,1081,1101
105934,1081,1101
105966,1081,1101
105974,1081,1101
105982,1081,1101
105990,1081,1101
106002,1081,1101
106034,1081,1101
106042,1081,1101
106050,1081,1101
106062,1081,1101
106094,1081,1101
106106,1081,1101
106138,1081,1101
106150,1081,1101
106190,1081,1101
106214,1080,1100
106234,1081,1101
106246,1081,1101
106254,1081,1101
106278,1081,1101
106286,1081,1101
106294,1081,1101
106302,1081,1101
106314,1081,1101
106346,1081,1101
106358,1081,1101
106390,1081,1101
106402,1081,1101
106434,1081,1101
106446,1081,1101
106486,1081,1101
106510,1080,1100
106530,1081,1101
106542,1081,1101
106550,1081,1101
106582,1081,1101
106606,1080,1100
106626,1081,1101
106638,1081,1101
106646,1081,1101
106670,1081,1101
106682,1081,1101
106714,1081,1101
106730,1081,1101
106754,1080,1100
106774,1081,1101
106786,1081,1101
106794,1081,1101
106834,1081,1101
106858,1081,1101
106874,1080,1100
106890,1080,1100
106910,1081,1101
106930,1081,1101
106942,1081,1101
106950,1081,1101
106974,1081,1101
106982,1081,1101
106994,1081,1101
107030,1081,1101
107038,1081,1101
107046,1081,1101
107054,1081,1101
107062,1081,1101
107070,1081,1101
107078,1081,1101
107086,1081,1101
107098,1081,1101
107130,1081,1101
107142,1081,1101
107174,1081,1101
107186,1081,1101
107218,1081,1101
107230,1081,1101
107262,1081,1101
107274,1081,1101
107306,1081,1101
107318,1081,1101
107350,1081,1101
107362,1081,1101
107394,1081,1101
107406,1081,1101
107438,1081,1101
107450,1081,1101
107482,1081,1101
107490,1081,1101
107502,1081,1101
107534,1081,1101
107546,1081,1101
107586,1081,1101
107610,1080,1100
107630,1081,1101
107642,1081,1101
107650,1081,1101
107690,1081,1101
107714,1081,1101
107730,1080,1100
107746,1080,1100
107766,1081,1101
107786,1081,1101
107798,1081,1101
107806,1081,1101
107830,1081,1101
107842,1081,1101
107874,1081,1101
107882,1081,1101
107894,1081,1101
107926,1081,1101
107938,1081,1101
107970,1081,1101
107982,1081,1101
108014,1081,1101
108046,1080,1100
108066,1081,1101
108078,1081,1101
108086,1081,1101
108150,1080,1100
108166,1080,1100
108186,1081,1101
108206,1081,1101
108218,1081,1101
108226,1081,1101
108258,1081,1101
108282,1080,1100
108302,1081,1101
108314,1081,1101
108322,1081,1101
108362,1081,1101
108386,1081,1101
108402,1080,1100
108418,1080,1100
108438,1081,1101
108458,1081,1101
108470,1081,1101
108478,1081,1101
108502,1081,1101
108510,1081,1101
108518,1081,1101
108526,1081,1101
108534,1081,1101
108542,1081,1101
108550,1081,1101
108558,1081,1101
108566,1081,1101
108574,1081,1101
108582,1081,1101
108590,1081,1101
108598,1081,1101
108606,1081,1101
108614,1081,1101
108622,1081,1101
108630,1081,1101
108638,1081,1101
108646,1081,1101
108654,1081,1101
108662,1081,1101
108670,1081,1101
108678,1081,1101
108686,1081,1101
108694,1081,1101
108702,1081,1101
108710,1081,1101
108718,1081,1101
108726,1081,1101
108734,1081,1101
108742,1081,1101
108750,1081,1101
108758,1081,1101
108766,1081,1101
108774,1081,1101
108782,1081,1101
108790,1081,1101
108798,1081,1101
108806,1081,1101
108814,1081,1101
108822,1081,1101
108830,1081,1101
108838,1081,1101
108846,1081,1101
108854,1081,1101
108862,1081,1101
108870,1081,1101
108878,1081,1101
108886,1081,1101
108894,1081,1101
108902,1081,1101
108910,1081,1101
108918,1081,1101
108926,1081,1101
108934,1081,1101
108942,1081,1101
108950,1081,1101
108958,1081,1101
108966,1081,1101
108974,1081,1101
108982,1081,1101
108990,1081,1101
108998,1081,1101
109006,1081,1101
109014,1081,1101
109022,1081,1101
109030,1081,1101
109038,1081,1101
109046,1081,1101
109054,1081,1101
109062,1081,1101
109070,1081,1101
109078,1081,1101
109086,1081,1101
109094,1081,1101
109102,1081,1101
109110,1081,1101
109118,1081,1101
109126,1081,1101
109134,1081,1101
109142,1081,1101
109150,1081,1101
109158,1081,1101
109166,1081,1101
109174,1081,1101
109182,1081,1101
109190,1081,1101
109198,1081,1101
109206,1081,1101
109214,1081,1101
109222,1081,1101
109230,1081,1101
109238,1081,1101
109246,1081,1101
109254,1081,1101
109262,1081,1101
109270,1081,1101
109278,1081,1101
109286,1081,1101
109294,1081,1101
109302,1081,1101
109310,1081,1101
109318,1081,1101
109326,1081,1101
109334,1081,1101
109342,1081,1101
109350,1081,1101
109358,1081,1101
109366,1081,1101
109374,1081,1101
109382,1081,1101
109390,1081,1101
109398,1081,1101
109406,1081,1101
109414,1081,1101
109422,1081,1101
109430,1081,1101
109438,1081,1101
109446,1081,1101
109454,1081,1101
109462,1081,1101
109470,1081,1101
109478,1081,1101
109486,1081,1101
109494,1081,1101
109502,1081,1101
109510,1081,1101
109518,1081,1101
109526,1081,1101
109534,1081,1101
109542,1081,1101
109550,1081,1101
109558,1081,1101
109566,1081,1101
109574,1081,1101
109582,1081,1101
109590,1081,1101
109602,1081,1101
109634,1081,1101
109642,1081,1101
109650,1081,1101
109658,1081,1101
109670,1081,1101
109702,1081,1101
109714,1081,1101
109750,1081,1101
109758,1081,1101
109766,1081,1101
109774,1081,1101
109782,1081,1101
109790,1081,1101
109798,1081,1101
109806,1081,1101
109814,1081,1101
109822,1081,1101
109830,1081,1101
109838,1081,1101
109846,1081,1101
109854,1081,1101
109862,1081,1101
109870,1081,1101
109878,1081,1101
109886,1081,1101
109894,1081,1101
109902,1081,1101
109910,1081,1101
109918,1081,1101
109926,1081,1101
109934,1081,1101
109942,1081,1101
109950,1081,1101
109958,1081,1101
109966,1081,1101
109974,1081,1101
109982,1081,1101
109990,1081,1101
109998,1081,1101
110006,1081,1101
110014,1081,1101
110022,1081,1101
110030,1081,1101
110038,1081,1101
110046,1081,1101
110054,1081,1101
110062,1081,1101
110070,1081,1101
110078,1081,1101
110086,1081,1101
110094,1081,1101
110102,1081,1101
110110,1081,1101
110118,1081,1101
110126,1081,1101
110134,1081,1101
110142,1081,1101
110150,1081,1101
110158,1081,1101
110166,1081,1101
110174,1081,1101
110182,1081,1101
110190,1081,1101
110198,1081,1101
110206,1081,1101
110214,1081,1101
110222,1081,1101
110230,1081,1101
110238,1081,1101
110246,1081,1101
110254,1081,1101
110262,1081,1101
110270,1081,1101
110278,1081,1101
110286,1081,1101
110294,1081,1101
110302,1081,1101
110310,1081,1101
110318,1081,1101
110326,1081,1101
110334,1081,1101
110342,1081,1101
110350,1081,1101
110358,1081,1101
110366,1081,1101
110374,1081,1101
110382,1081,1101
110390,1081,1101
110402,1081,1101
110434,1081,1101
110446,1081,1101
110478,1081,1101
110490,1081,1101
110522,1081,1101
110558,1081,1101
110590,1081,1101
110602,1081,1101
110674,1081,1101
110690,1081,1101
110710,1081,1101
110730,1081,1101
110742,1081,1101
110750,1081,1101
110774,1081,1101
110782,1081,1101
110794,1081,1101
110826,1081,1101
110838,1081,1101
110870,1081,1101
110882,1081,1101
110914,1081,1101
110922,1081,1101
110930,1081,1101
110938,1081,1101
110946,1081,1101
110954,1081,1101
110962,1081,1101
110974,1081,1101
111006,1081,1101
111014,1081,1101
111022,1081,1101
111034,1081,1101
111066,1081,1101
111078,1081,1101
111118,1081,1101
111142,1080,1100
111162,1081,1101
111174,1081,1101
111182,1081,1101
111206,1081,1101
111218,1081,1101
111250,1081,1101
111258,1081,1101
111270,1081,1101
111302,1081,1101
111310,1081,1101
111318,1081,1101
111326,1081,1101
111334,1081,1101
111342,1081,1101
111350,1081,1101
111358,1081,1101
111366,1081,1101
111374,1081,1101
111386,1081,1101
111418,1081,1101
111426,1081,1101
111438,1081,1101
111470,1081,1101
111478,1081,1101
111486,1081,1101
111494,1081,1101
111502,1081,1101
111510,1081,1101
111522,1081,1101
111554,1081,1101
111562,1081,1101
111570,1081,1101
111582,1081,1101
111614,1081,1101
111626,1081,1101
111658,1081,1101
111666,1081,1101
111674,1081,1101
111686,1081,1101
111718,1081,1101
111730,1081,1101
111762,1081,1101
111770,1081,1101
111778,1081,1101
111790,1081,1101
111822,1081,1101
111830,1081,1101
111838,1081,1101
111846,1081,1101
111858,1081,1101
111890,1081,1101
111898,1081,1101
111910,1081,1101
111942,1081,1101
111954,1081,1101
111986,1081,1101
111994,1081,1101
112002,1081,1101
112010,1081,1101
112018,1081,1101
112030,1081,1101
112062,1081,1101
112074,1081,1101
112106,1081,1101
112114,1081,1101
112126,1081,1101
112158,1081,1101
112170,1081,1101
118786,1081,1101
118790,1081,1101
118830,1081,1101
118858,1081,1101
118890,1081,1101
118922,1081,1101
118950,1081,1101
118958,1081,1101
118962,1081,1101
118970,1081,1101
118994,1081,1101
119026,1081,1101
119050,1081,1101
119078,1081,1101
119110,1081,1101
119134,1081,1101
119146,1081,1101
119162,1081,1101
119178,1081,1101
119202,1081,1101
119234,1081,1101
119262,1081,1101
