start,length,bytes1,bytes2
0x252f9,1,a4,a8
0x255b5,3,6dc799,6b8d91
0x255d5,1,84,88
0x2573d,3,6dc799,6b8d91
0x25a41,1,a0,a4
0x25a75,3,6dc799,6b8d91
0x25a85,3,6dc799,6b8d91
0x25ae1,1,7c,80
0x25af5,1,8c,90
0x25b21,1,9c,a0
0x25ba1,1,98,9c
0x25bb1,3,6dc799,6b8d91
0x25ce5,3,6dc799,6b8d91
0x25d01,1,10,70
0x25f3d,1,80,84
0x25f95,1,88,8c
0x25ff1,1,a8,ac
0x26009,1,78,7c
0x26079,3,6dc799,6b8d91
0x2608d,3,6dc799,6b8d91
0x260fd,1,90,94
0x26181,1,94,98
0x26719,1,74,78
0x26721,1,70,74
0x2682f,4,27eafc9f,2b6e24ad
0x26956,4,27e9d902,2b6d0110
0x26a04,4,874ba838,8bd4561a
0x26aae,1,6c,51
0x26b8a,4,c050f5c7,199f7139
0x26b98,4,2f634125,8e756170
0x26ba2,4,64baec9a,e48c3494
0x26ba9,4,8a01cb95,34075524
0x26ede,4,6991c95d,92d734f6
0x27149,1,81,85
0x2733b,4,a7858d0f,d0bd9167
0x273c7,4,8a01cb95,34075524
0x2757e,1,48,49
0x27694,4,983d1450,41f6c299
0x276bd,2,1478,28e8
0x27aa5,1,49,4a
0x27e25,4,52fcffcd,0ca66d3f
0x27e41,3,6ddb00,52bc60
0x27eba,4,c88c5146,cc289764
0x28143,8,937df8eb3fd3d255,4ab0643990ee32e1
0x28177,4,6bc13e9b,6d8ee183
0x28223,4,1d10bbfb,4648c053
0x28287,4,a714f0ed,7ed96c3d
0x2828f,4,4d51d94a,a050fae1
0x282cf,4,77ccb849,7b534669
0x28329,1,4e,4f
0x2ed3c,4,35319d5b,cf895c39
0x1ae89d,4,e3bc769c,5dbae82d
0x1aee50,3,bd9240,827990
0x1aee59,1,48,49
0x1af28c,5,3400190027,79003b0024
0x1b184d,4,27eafc9f,2b6e24ad
0x1b4367,3,e49da6,e2d7ae
0x1b49c9,3,6dc799,6b8d91
0x1b4a67,4,e809472a,e4861f1c
0x1c27b2,4,1d10bbfb,4648c053
0x1dee88,5630,f5718558622cd33fcbfb3b98ff78cb307d15508a76781e5f9f18998f51e40c6dfc646bee5e686dce6ce8ec2cf5824c19e66ae5fbf6d6cf6178fa037cbba21a7678e143725c87d9725cd3d12cbb557876781e5b9e2a3c32176c2c78edc5c1b98734117544b9221799bbd01f76780f45725c5ad9725c40d129bb27787678f05b9e2fe1329687c77c32f367a700b41ee8ce230a7c32f12c7c2af16c9bf523f0587678090b7a5c87d37660455b02b88a5876781fe0469398ab76787868cf6c9febc9cd6c4c227e8ee5fb79c4d16217bcbaebf50a0c5e30b9d369f97e1080f991aec977d9b4cc1ea354b52bc45876781b5c523c9f5c5224b503b52358587678f3b025788b4c1a8176ddff36f829bbaf8e4c2261dccd89266239168ef95d42cf2b3282f2f9e15529af07a678875866905d587678114c2249afddb16c2c4134c5f94c226123ddff6cad8c52ed0e4c2249d0cd89a7f7418958cbd1b52b3b587678ea5c523c605c52244a03b523a75876780cb02578747c6af1620376787858f977a30e266cb568fdc5e0c89c2a4f52f018e492f48a263e67e4cf311d2324097678f04c9f28b8002c2695697920dd69792a5f0a26298e4c2262a4e5ff691c5db529b1587678f75c523c425c52340e01b5212f5876781db02778564c19e60cddfb6ca443e3c5e89bff27d70c55651ad127569d72b52d5b5876782a5c523cf95c52147905b525c1587678c0b02378ed4c22611acd896c4a43e3ed15c82e2220021718c1571718b30847779b024777d50876780f5efb774c0826206601282e296979a18b21075b31ec80d6ea6b767887539f2a5fc8622c3150e3516ef743601c56a91ef02376c5c5918f78c35879919337e8f88ad52729a13e76783c5cf17712dabb78f0c7c0e63045b52f845876789a5c523c8e5c52049707b5271c5876787bb021789a4c22660dddff047f2a77b70658767809d179e95a77751cff0f317878586e7cd41cf77cc524ff27000756788758759058581c6c4a46eaedc319562bbb093778f058607cc51cf77ce714ff21440156780f5875904f581c6c685227cd874c225c17e5fde8be39162fc358767c055726275039162f49c8622c241ae3f1a16e7663f22204160404cc61c35876746e48899fbe02e9bb491f76783c41725c3cd9725c8cd129bbbe787678c35b9e2f8732cae87f70ce169e6097c77f4c226f84ddb06ca46905c5e24c225b30ddff6cd34134cd864c226682cd89863cd50a8e9b6e470f562bf878798993f46e1ce678875862916e0027781e5874fa334c1b1466e55f188307cf2a31f967bb941f76788742725c4bd9725c62d129bb63787678785b9e2ff032622ceb09c387639289649f5876780ab165499b21b52b7f5876786f5c523c715c52246803b523e358767884b0257865c817782f09922ae5897678785f9f27a7387678e148f57793069049c2a5d733b6b7b8ccc158767837b120e889d31019c76a26f411d97678c35efb7756d3167eba9b203e1e58766d387c32f97c7c02f1ae9b2858e158767b2b0e7612175c247eb7a83678549b243a3c58766f7c7c32f9f47c22f1bb9b2c58c358767b6f0a7612584c226fe2ddb0fe1be6106c2c7ca9fd794c225746e5fd6c9746eaed789cfcb68e3ec22a100e1fbb6c1876787840725cb4d9725ca5d12ebb9b787678875b9e280f32622c1409c387630e7678785afc77d45cff23966e01d0390565a10fd5b2fa6b7bd0781e5879916f086363781dc17e548431bbb61f7678c344725cc3d9725c73d129bb417876783c5b9e2f7832ef41afc8ce6cb56995cd481e00210e6a3af18a3ab5285e587678205c523cf95c523c7900b520c1587678c0b02678ed0b622c18a4f3be5954c91e367e17d206be11de174db52fa6587678de5c523c065c52048607b5273e5876783fb02178124c2260f9ddff78e13941ac000d337887586e7c2b1cf77c3a34ff25ff05567878587590a5581c6cb546eaed3c4c2272d6ed896c5b7660c595c846a97deadad907de49c4f9d94de2e15876762a082e22df94c7e78bcce2c71e58767fd508477721587678f0d77929b308e6d9b14de6c0629b253b0f58766c1a7c32f9387c2af1239b2d58f058767b090b7612844c226f7bddb083b857622c304ef3f1280c68c0ed71622ceec4e387f535afec4659622c8d09c387504c22615cedff783c5870fb7709e65920296272c732e2dcc35876716e082e220f1f796e377fc32c8cf21764feb99f9af058766808587678d6d17949883917186e38162a4ec8622c13a3c3f3d2dff207488197c78707cd42139937a28c9847b4c1abf478b893a1783c586791a4595badfc9937e549587678cab0256cd34f8afdc956fbe93e13c5f4f79b253b78587663f47c32f9e57c2af1989b2d588758767be70b76120a0c52f9b9d102a3b03cc86ca469a9ed1e3c42c6a50be81cf5a0db3d5f70b5295f587678205c523cf95c52347901b521c1587678c0b02778edc82f6424bce4e7592276783c5f9f29785876767f572620bb4476f72d18b178875870913e5717197e3916186e08e66c2c7606cd7bcb2e22b9022e22f2572428b6572d2b5d08477746022d2b0d5717182a082428a0072e223aefe2cb6ac4171d87587670e66979204469792a6c0a262feb4c1ae5d0e5ff6c8ec6e6e54e4c226226c55f5b319925e54a9838fdff09377878586a7cd41cf77cc514ff2100015678875875905e581c6c4a4163edc34c226fc3edfd78f05870f4ee7c72f19a002c21d66979196f0a26294ea489cf334c22493fedfd36d1abb52ea7587678d55c523c065c520c8606b5263e5876783fb02078124c19e67addfb6c8f8c52fdf2702d70b8170d0ac49b203e1e587663387c32f97c7c02f1ae9b2858e158767b2b0e761287587703e64c1b7030ddff78b74c22488be555787b4c225f6dedff381090c81ee16fb52b4c5876780b5c523cbd5c5224f103b523d0587678e2b02578a94c2252dbddff6c5b6871c59529ff1f7d9b243a7858766ff47c32f9e57c22f1999b2c588758767be70a76120a0c68e4a9a7622c5750f3f1e40c558b5cd3622cc909c387930c580db251527c97002c191e85374fcb9ad76c0058b44edeea2a430e487678874a9f780f5876f911384777d2de010f288f06e9950976ce05eb9b78c3587991d508266c5b69f1c59539eef3823e29e992cbe046e24d0778e1587e90a3efa8a52ee0622c243ecb51594c226fc0ddb06c2c42fcfd79844b9a63558cbb921976788741725c4bd9725c52d12fbb65787678785b9e29f032622cc532ebf1d70c59df32d376780f5ef877dd690e6ae3d9101bfe0269bba21a7678e14f725c87d9725cd3d12cbb557876781e5b9e2a3c326df36ad3516c4f392f26b658675ef207781f061976780f519e270a0c6cf2b17124189092c068406171bbb71e7678c342725cc3d9725c7bd128bb407876783c5b9e2e78326df3e40c44e75cd36df39cad76788759fa778f0c13dfd12c734ab7632cbd78587674184c225b0fdd5f6e7656b52ec1587678195c523c9f5c520cb506b52658587678f3b020788b1b296c974727cd0c1e0dc3ad395cb467857bae3cc4ad87bd522778f058649071eb4e59b27609d5440f31780f586d7c3a1cf77c1824ff27bb075678f0587590b6581c6cafa15ae50c4c22487ce5fd781e5870f6334c225ed1ddfd6ca442f7e5e82f767f3c7e0cc5e29b243a0f5876631a7c32f9387c22f1229b2c58f058767b090a7612d70c52f902d142bbb60d80f93a98f5843c587679fa5760fa7d58af20157cb52e855876789c5c523c8e5c520c9706b5261c5876787bb020789a4c22667dcd896c9769e9c50c1efca0cc0b35781e58607c181cf77c5c04ff2333035678e158759090581c6cd35227cdf04c224aede5fd263c587678fe5727442daaa9acf848b52f845876789d5c523c8e5c52049707b5271c5876787bb021789a7c72f1b90213aba862c682f058767808b147774539162b6e08261a5ec683bba71f7678e14f725c87d9725cfbd129bb507876781e5b9e2f3c32c9f8149cce8b7b8fda0022083678c358607ca31cf77c2b1cff20dd0056783c58759028581c37e40c6184649e7678c0dbf377874c227d02e5f58a954c224827e555faa183b52db5587678f75c523c425c52140e05b5252f5876781db02378564c225ed1ddff6ca4768fede01ed0bb901b7678874d725c4bd9725c42d12dbb67787678785b9e2bf032a687507891f9a5a4c983440b35780f58607c3a1cf77c1804ff23bb035678f0587590b2581c6cafa15afd0efdb5284f5876780a5c523cbd5c523cf100b520d0587678e2b02678a94c22661bcd89a36a9b213f1e58766d387c32f97c7c0af1af9b2958e158767b2b0f7612930c7c29baa7e6da98892f3ba4387678785f9f28ae587678e1dc792ec35876700457e6780f5876f811eff71be83ce3782bfd710fc6587678edb1dcb5ff05ce26930c5881b26917d91fde39581a39e30452ec8708aafc244929587678d0b0316cd34f8afdc94c225b1fddff273c55beabce81a3bba31b7678e143725c87d9725cdbd12dbb547876781e5b9e2b3c32622c4a63f3f11fe9766e020aceeb7f39c4a187587674e64c226682cd896c68436ec55b4c2272a1ed891931d32d6c313d56d2f1702fa80f587672f738bc980063f848bb0d3378f0586f7cc51cf77ce734ff25440556780f5875904b581c5c38d176787858fa77f058767e63577678c354f977d7227b8e8e3e6216ca7cebf1bd846602c09dd0bba51d7678e14d725c87d9725cebd12bbb527876781e5b9e2d3c32316c2c4f8afd363c50796172b52e855876789f5c523c8e5c520c9706b5261c5876787bb020789a4c2252bdddff19d70c55790a718a182132ccd301a9dde91df8b52939587678ed5c523c605c52344a01b521a75876780cb02778744c2266a0cd8986cf57622cfa09c38718d3660a000e30788758637c2b1cf77c3a2cff26ff06567878587590a6581c5ce5d128229c0f242ed7efa8a5a6e02dc6a13e316c684f8afdbe82408afa5ccfb0076612bb911a76788745725c4bd9725c4ad12cbb66787678785b9e2af032622cc747f3f1d734eb5832d10274d2d4b1f9145251bb6d197678784e725cb4d9725cadd12fbb9a787678875b9e290f32622c00c4e387280c6e3ac571e8de310a91b0bb992772000b357887586b7c2b1cf77c3a04ff23ff03567878587590a3581c6cb55227cd3c4c224ab0e5fd98829b213f1e58766d387c32f97c7c0af1af9b2958e158767b2b0f7612174825788aac4d521abd120e6958767874b126ce218d009bd1f73318863a471d3a0207fc0f587669f7c8836c687bcaf5f1d6979017e0176cb5405ce54a38246cd34f8afdc9078ecc7bd3151fb204eb7878587e90e40c6f3a6451b5e87651ef5d8796b52d4a587678055c523cbd5c5214f105b525d0587678e2b02378a94c2256d8ddff6c5b6909cd954851bb691d7678784d725cb4d9725c8dd12bbb9e787678875b9e2d0f32622c00c4e38737a8d25f279b233df0587660e57c32f9c77c1af1da9b2b580f58767bf60d7612280c7c29cda769784f3e527c68002c19a3697978875876f3000a26781e5878fa330888f30c394b3f07d904785d8e64d9000b357887586f7c2b1cf77c3a04ff23ff03567878587590a3581ca0f99cc5c09c0efd97063e76780f5dfe774d09387879c8b52a3a587678e85c523c605c522c4a02b522a75876780cb02478740b622c2ba4f3be8449a5daf09b2638e158766fc77c32f9837c32f1579b2e581e58767bd40876126c0c6e5e75d18df3f50c68e456a7622cb59bc34b5ac1e26cd1d9622c3609c3874599cf99eea2def38058c078c3587d918932b52d4a5876780b5c523cbd5c5214f105b525d0587678e2b02378a9c8fe67c62c5b3d164a4690e5d8f4d13c58767691081720aa002c49ee0a2649cc06bc070cdee3771ea29fcd4f18762d6358767868b124288f8b640892f20c926569968fac9d3917595876780fb116e8280c4777c5d3622cc05fc3f3e158767e4f5776788754f377f3e93ea0a621c6c65a0b622c6fa4f3bee40c6ce064d130ae7a687cde6665c725cc0e30781e586b7c181cf77c5c2cff2633065678e158759095581c6cd3703efd86acc4fb4a463594ff0b357878586c7cd41cf77cc504ff2300035678875875905c581c6c4a5e3bfdb1d9c2c71ea9fd1ef05876186557b6fddcbbcc7271d976780f58ce6c4a6b75cdb72f76d86b9b243af058766fe57c32f9c77c22f1dd9b2c580f58767bf60a7612280c47fbfdd17678f058f977f50c703546d584cf884c225047ddff521e9e5426e6d8f6f9bb0d3378f0586a7cc51cf77ce734ff25440556780f5875904b581c6c6846eaed8707622cc0cbcb5b656055b9021f8bc5961943f27f362501418715393c58766c904c2272a1ed892623edeb20b0b6bd0d46d68c0444722399585876782db1de1bf52ba1dce6b587ede4bf76274d40767887489e6b0f9cc7f99c17b5287c587678625c523c715c523c6800b520e358767884b0267865c82e222f5724283c58767ef7577678f054fa77b1002c2093697978875876f8000a26781e5878f833c8622c4afbc3f394856ab527d9de49f89b233d8758766e0b7c32f91a7c1af1619b2b587858767b180d76127d3f1d267ba8c977499b26380f58766c1a7c32f9387c32f1209b2e58f058767b09087612804c226f7bddb087b857622c3d85c37184593dd1a89b203ef0587660e57c32f9c77c02f1d99b28580f58767bf60e761296ab76787ab4cfb8c14c19e68dddff6003db62171930f3f1f75976781c94cebfb54c226fb5edfd20be8196bbb31a7678c34f725cc3d9725c5bd12cbb447876783c5b9e2a7832622ceec9e387f50c4477767b79ce9039dad85dcf32bb481e76783c44725c3cd9725c84d128bbbf787678c35b9e2e87326217913cf3f14039b5f35a38427c596c810393ca634ff9597678c3549ea87807622c3f47cbf35595c7bc429d94f869b9b7c7d253176e8ea20c78c35865908732622c15f9fb710a0c6ded89d175456f79524c71494cf1b06cc48bee98833e87587673e65b4b6af3308e83b7002e2219387678f05afb77d0576fd8241eb279a4d953f18e4aed78de9044093c58766a910a267cd41cff19b549a78da4a225349bc176780f529f2044002c49330a264977619d8df06ac4304410a703ce131a5a076b76780f499f2a4e3876f364022d2b7858767a7d574777b9021718f25725826e0a634098fbb9773aba25b93c587676910a262aa05c523c6a397678c358fd77df0247775d0816781e5878fd33082e2219587678f0df7919813847779b024777d50876780f5ef2774c0876782c587678785c9e63686ad6c68eb99c746b58b528c7587678165c523c9f5c523cb500b52058587678f3b026788b5c1c3cc99b26388758766d0b7c32f91a7c32f1649b2e587858767b18087612f50c68e456a7527a8706b52a4d587678095c523cbd5c522cf102b522d0587678e2b02478a94c2272d6ed89aa4c1e1ebb481e76783c4f725c3cd9725c84d128bbbf787678c35b9e2e8732e644e86bcfbabe33358a19b28c857858767519082922e15876784857242f174c22628ed5ff8b953e4c580b7ec9155e9b2638f0587662e57c32f9c77c32f1df9b2e580f58767bf6087612a0f0ce2ac00788cfff9d7f4ae0aace3a4ec44c4587587673e70e622c09a4f3be7b00c91eb8d1dcb9518b7612220e3078c3586f7ca31cf77c2b2cff26dd0656783c5875902e581c20ab4c225cbccd896c97763efd0e58767cb6e0b6f14d08610c3c4c224907e5f5718558622cd33fcbfb3b98ff78cb307d15508a76781e5f9f183c3c171d0a3022169528390caf583a34870c3878eb3412566235181169581315550c021d3f3d1b1184,38ed5781afb076e60667704132e45de9b0897d53bbe4448652844042cd36d5a060c1b223c223b403f07e35e169af95d47a303c366a6216ace493dab12770c3bbe4449abfc0cc00bfc04508e12778a1bbe4448253b688ebdaf045a1205913604aa8b4ac892569ce542746c6bbe4229cbfc00000bfc0f408e4274ea1bbe4228253b344eb5b1b8ca5ff6ff17ecd28333103bf50a5ff6d98a5e76d054238bf2281bbe4acd2b7c0cc0abbfcd382cf24a781bbe445398b0f2c72bbe411b102f04d320451c995efe2c53c36e55208af8b9163266950d593ac0d0aa46517c94d65437704eb7c6d0182e88d78b75281bbe436859fa0c5859fb801da78bf3181bbe42169e8e42e95d71d3d0432aa6ef07633a395effd861444bad6e0db1290848f53f9eb4f6e5c3898b5e4de6be41181ab0c7081bbe44b95efd51b047cf04598f9592b95effd860432f0e6559f719895efd5fd14443bad9844c47f0878b75281bbe438859fa0c5859fb801da78bf3181bbe42169e8e42ea5a76dd6dabbe4118134eb71d7ebf010b13059ab1151b6d98b3d84c94b39167ce7aa787be8d0bf4dd0bbe4229552b41dd9e1badeb0b4bc4bb0b4b672d3ebb5d495effe103c32f5758478b56381bbe452859fa009859fa898d878bd0281bbe44769eae4e295d47a650436f0769a2e594d4232bb9cd598f98c08eacab0ab78b10181bbe49e859fa090859f88abdc78b96481bbe48b69eee47b95effd371444f0109a2e71a111e3be49dbda84138eda8416d18aebd0db8aeb43d1bbe4228736eb16d1ebbcd2d8e5b240b0b43d59f8cac794354d4aa1b2bbe4118a52b67211afb06b892ecdda2e8efc758f648222fabb59604842e48881b40d05ee2564a70ceab5fbe7bbe488853ceb7b0376e4221e0d7a959c78b3cf81bbe40c859fa0a3859f98cdde78bba881bbe41269ece44895effaa804329834f3ba2b9081bbe42408b47500aeb8804bd6fce41181a3e006c53ae060fd32bb4bde9be41181b80c7581d1f0109f277177c09bb7d2d0fae42281ade060c53ae0accd32bdd2d89be42281b80c1581d1f0dc8bea51ee95efc0c53c30741be0dbb38881bbe0938eebbb7de0dbb31311afb090c32e6dc8b7bbff20fbc98aa1dd01fd8881bbe8f891440393db242713c6bbe48898bfc05500bfc05e08e4271ba1bbe4888253b311eb077452a9038ac4b95a5bcb95eff3ed047df076b0c8594795efc77b0432f04598f951ab95effad814441a880cc712f2b78a9384f235e4dc505e6825c52be41181af0d43d9eae44481b9668795d6880f3c928451de02b69420aa27dfc6bbe4119bbfc06600bfc03808e427d7a1bbe4118253b322ebafb04ed00e1b284b44f80981bbe42768a8d5c1f878b7cb81bbe406859fa0a3859fb8cdda78bfa881bbe41269e8e44811dae475d05fb65150bbe4118652bb75e1bbe4449138ebd8df5dd5547c1aaf9b6e75509b81bbe48368ed74e00add8515b3eb68b400bbe4888736ebc00adbe29742eda24481bbf18ca5ff6515a5cf6d7c42e5c44481bbe760d7bb8e8185e9e29a71fbe40e42e9a68881bbf315a5ff6526a5ef6d1e42e1c48881bbe7f9d3bb8e7595eff3b8047d62af3fddf045a56461ab95efcbe33c30f0dc9f2771ee45312aa3e70fb64ad7d227d8c1bbe41199bfc06600bfc00008e327d0a1bbe4118253b422ebafb04ed00e1bd7d7bbe4118331eb068532bf33b7cc4c72dca83d990c7f6646a21de44481b40ddbd1aeff11c40ce2865dfc2713c6bbe4889dbfc05500bfc05e08e4271ba1bbe4888253b311eb22dd7d1103f010b0585103c7cdbd98b3f76da7e378b40481bbe494859fa090859fa0abd978bc6481bbe48b69ebe47bd2afb0357d3e22038d048282a7da4e6f67dc42c59478b30381bbe495859fa090859f98abde78bb6481bbe48b69ece47b95effc2b0432e444e08c304bd4fee41181a3e006c53ae060ed32b94bdc9be41181b80c7781d1f0109f27717795efee403444f076afad59cf118b35c93317456e0784582b00807e4481bbea61d1e3be494d0a7ba6152f5b4481bbe361d18aeb4881bbe4220eb4b516d12b45fa942b5cf442e8a72281bbf040a5ff658ca5e76d4a42e0c42281bbe7acd2bb8ecf95eff3ed047d1f958eafb06a973e6d9cd5a55c84a8afb03c1d2e1b50ec62700d80afb01bd00e1b7d95effd063432e48881bd671ed02bc5f2f0afee62eb2f408881bbedf8d1e3be22c6b4f26da60eb0382bdaf8976052062281bbf4ad81bbe49d08b4d51ee0da8443e1dbb61411afb0a77a0e6fbb063f9b9a585a5b22de00de5840fa3e1a418a28ec7239e4e24a6ce48881aa0dcd8096312e40fa79ec81bbe48169e8f045964761e48f367564ca08684342e8a71181bbff26a5ff6540a5e76dd342e0c41181bbe7cad2bb8e50d59f650d08cf3fd9e505f076b06471bbe58f5aeed22580637916a172a978b50581bbe494859fa090859fa8abd878bd6481bbe48b69eae47b11e2f80965297b03fbbbe4888652b51181bbeaad8eebbc1e9dbb6b66c17ce41181bd0d138eda8524e0db84dad12bf045afcb51a912e3be1cdbe3beb98ee9b4208ee0b770d18aeb1cdbe0b7b98eda8443d1e9b472dee3be9f362f57211dda811181bbeccbb0b4bc1eb0b4b6d8d3ebb38295d779023c32f02b1f2b790595effeb01c92c71c40e8791041f5614bd0fae41181a7e006c53ae060cd32bd4bd89be41181b80c7381d1f01098ae717795eff3aa3430e42281bd684ba5bf6dd1d9e1bd40b0b48542d3ebb5147d44538795efd5563430aa037278b20281bbe49e859fa090859f90abdf78ba6481bbe48b69ede47b95d47aa80436f02a559f61b9a9e0ec2ecec096e942eda24481bbff8ca5ff6515a5cf6d7c42e5c44481bbe760d7bb8e1181ba9fcb95d6ec6a0432e40395efd4e23c98e4a995efc3c83432a45b49058277b678b76181bbe451859fa009859fb898da78bf0281bbe44769e8e4e295efce4d0432f076b1bc59cff03283c942e9a61181bbf326a5ff6540a5ef6dd242e1c41181bbe7cad3bb8e50d5a5781d7eafb03e893e6d36d59817f90aafb082d00e1b05d595919f889fe0cdd9e185aa5cfad3a2431af0d28179d27b33e7df4591bbe4119352e42281bb654be18aeb6607cc934156cb7547d0bb52a03256e48881b40d43d1ebf076b03c59cfe0236f36e7e475fb122dda3094cae44481b30ce8366539b839afb009e706cd0395eff374047df0459b3161ab5d8606c68c4127d9c0bbe41198bfc06600bfc00808e227d1a1bbe4118253b522ebafb060eb266d9cd59443a40abbe4228735eb87b0c3f65700dd8797dba42770c3bbe44496bfc0cc00bfc04508e12778a1bbe4448253b688eba06f030a9cf09de0e2ba1381aac2b9deb58390c0bbe4228853bb50d5a16e05a8e984f94b0df492b8bc2712c7bbe4889bbfc05500bfc05608e5271aa1bbe4888253b211eba06f36d5897bf90aa06fd774bbe4118037eba2d5de438bf5bed603bae1211181bbe8ca95efc7aa0492f23d8f78b25781bbe434859fa0c5859f9001df78ba3181bbe42169ede42ec2e4f0dc9eea519ac7c05f80e091283d5cb632881d601bd48beae42281a90cd43283c5f9afc449d2d6fce42281a0e060c53ae0acfd32bbd2de9be42281b80c1381d1f0e47897799a95efd4513c30e44481bd6a8795efc2b80430f0769b3a794df6bbe377a7c1597442e9a62281bbff40a5ff658ca5ef6d4b42e1c42281bbe7acd3bb8e9cd59f6594088f279bd44d65604138188881bbe5938ead66af8162bcb0a578b2ce81bbe40a859fa0a3859f90cddf78baa881bbe41269ede44895effad81444f0dcb024599ac7313ce1d2f8e44481ade0acc53ae035dd32bfe1da9be44481b80cdb81d1f0458bea51dd95efd6b73c30ba8881bbe4978eead8ff7364305d9178b3cf81bbe40b859fa0a3859f98cdde78bba881bbe41269ece448a5bf6d1cdbde37e3bb0b1e6681bbe425688aeb1fe0dbb7dad1eb86371f4e2775c6bbe44496bfc0cc00bfc06d08e4277da1bbe4448253b388eb04647d450317a956179c87d1fbe48881ade035c53ae006c532bc87d99be48881b80c4181d1ab36d5ac18c147bbe48b023eeb1195efe12f3c3816cf95efd4933c9866c85a78b16781bbe452859fa009859f8898dc78b90281bbe44769eee4e295efc2b80432f076af427145c71d27dbc2bbe41194bfc06600bfc01808e027d3a1bbe4118253b722eb6b1bf5a15c65ee7d041fd2d2f8e42281ade060c53ae0acdd32bfd2da9be42281b80c1781d1f0e4789761982478b46281bbe450859fa009859fa098d978bc0281bbe44769ebe4e295effa8d14443f4742eca34481bbf18ca5ff6515a5c76d7d42e4c44481bbe760d6bb8e05d5b1b5977e2b46c250e2a710e1bbe4118652b47c81bbe44405b4b28881bbec928e2be42281bb644b363a875ce52ee44224bc931481bbe448681129b4dc03ba05d5951d9fb0da454507f4c4aee02e983b354a947825e9d58c81bbe49b69fcf045964761e495efc7450432bb888c7337a7586e2771c2bbe4449abfc0cc00bfc04d08e02779a1bbe4448253b788ebafb023ba3e6dcd30bbf2a7d3037734e0093d1181bbe8cb95effad81444f0dc9aa3593295efee73344485940ae0f07ae49b4e67a9e2342281bbeeade17104b4ba35d4d2d4fee42281a2e060c53ae0aced32b9d2dc9be42281b80c1181d1c08c08bbe4118137eb2281bbe2c68ebbe4888d34eb41fbb612a3e7af8a90a5266d095dab9ea9441d2777c4bbe44494bfc0cc00bfc07d08e6277fa1bbe4448253b188ebfcf045964761e4e59de5c4ab78b2ce81bbe409859fa0a3859f90cddf78baa881bbe41269ede44895efce180432859cd598e59ca847840ceb014f5b701075a92178b55081bbe43f859fa0c5859fa801d878bd3181bbe42169eae42e95effa1414441aa68eafb028d00e1bbd0aab964bd7fde41181aee006c53ae060f532ba4bdf9be41181b80c7481d1c04008e5bed7d6e9b2413665398b39e05afbe7fcf0dc964761d75b8d162885022ca2bfdf27dac3bbe4119cbfc06600bfc01008e127d2a1bbe4118253b622ebafb0629e3e6d9ced26c4a408cfe8ff0d7c654e8b9c27d9c0bbe41197bfc06600bfc00808e227d1a1bbe4118253b522ebafb05a1d2e1b9cd5a3a6aca82542e3d35c2c1e40eaee4bd2f8e41181a6e006c53ae060dd32bf4bda9be41181b80c7181d1f0108bea517795efd6263c3004af42eca34481bbf18ca5ff6515a5c76d7d42e4c44481bbe760d6bb8e8191e8e4a77580ce4064df92dd81bbe41d68eb52f354cd07742efe84cde38a81acdbca602281bbf5ad114ef0dca20769980f5a0cc539daf01099917901e1e9f045964761e4de4350210ad88306dd26e41181b30c36d5a2a6c18878743d8822c1114f78b16781bbe45f859fa009859f8898dc78b90281bbe44769eee4e295efca4e0432f076b0c451cf919c27ddc4bbe41194bfc06600bfc02808e627d5a1bbe4118253b122ebafb05a1d2e1b83711fc34e42eea12281bbfc40a5ff658ca5d76d4c42e6c42281bbe7acd4bb8e9cd5b1b5a47ea4e49de79fe0cdd9e185e8b0b4e41181bb6f2dd3ebe44481b56687d1456f65e086a3d500c9e4f857a9454bd2f8e41181a2e006c53ae060dd32bf4bda9be41181b80c7181d13c5c45085cd7d7300b90e7bbe4228433eb17d0f5e4cd1178b65381bbe43a859fa0c5859fb001db78be3181bbe42169e9e42ed2afb09f7d3e22ed9068462242eba44481bbf38ca5ff6515a5ff6d7a42e3c44481bbe760d1bb8e05d5a3c2a708406f50d5a5781d7eafb023420ed777182ff08b00afb082d00e1b2c4002053c7b136f25810de48881b00d1feb78b16781bbe451859fa009859f8898dc78b90281bbe44769eee4e21133fb50f596a13b938b0cbf01394d8881bbeaf8d1dabc78d9e1d54bd3ebd587df719b9a072eeb337b525115c1bbb1d781bbe40168e9b45d52a994372bc10e2eb05b133a44f48b7481bbe45568db749cd58aebac0aafb012860e6f4481bbe2048ebbe4118d3eebde30f33cfcf80b5aeed2afb0067d3e2236d5a17cc108fd3231b1b142f0bc0ab9e1d7fde44481a6e0acc53ae035f532bae1df9be44481b80cde81d1f045a9f361ab750967109ff8084bd2f8e41181a1e006c53ae060dd32bf4bda9be41181b80c7181d1f01087f66105000f5b777030822281bb84c08e7b61976201eee700bbe4228103f010b2b85103f6bb440242e9a62281bbf340a5ff658ca5ef6d4b42e1c42281bbe7acd3bb8e9cd58a679408bbe4228134eb50d5bda90d0c49531e95efcc6a0432ce444799ba52013b65d2d4fee42281a7e060c53ae0aced32b9d2dc9be42281b80c1181d1f0dc9f2771eedeafb0121206c7c0b9982549c6465900c08e6e52efe89d1b5ed8a58881bbf0f995efee733444ba863426bcfb6f7091d00f419869abee050281bbe4996813879cf26c40346c4a714166bbbb0699bbe4119153f722450a65c6ce78b4c881bbe40b859fa0a3859fa0cdd978bca881bbe41269ebe44811e3be758ee9b48881bbe29e8ebbe4228d37eb14d9e1bcd8b0b4e41181bb642dd3ebe44481b5648711afb023220e6f465ca729820013d5b342eea11181bbf226a5ff6540a5d76dd542e6c41181bbe7cad4bb8ed8e6d0ba307104ebdf42eba42281bbf040a5ff658ca5ff6d4942e3c42281bbe7acd1bb8ecb95eff3ed047d1b958eafb0675c0eed3080f04dc142eda22281bbfc40a5ff658ca5cf6d4f42e5c42281bbe7acd7bb8e2272bbe4136d02241395d47a280432fc4802af8b8fe93e6dda80bbe4464d03230195eff3dc3430bc6c585b2716c3bbe48896bfc05500bfc07608e1271ea1bbe4888253b611ebafb03c102e1b50d589eb3da2b45206e017447016ff2712c7bbe4889dbfc05500bfc05608e5271aa1bbe4888253b211ebaf8bbce53e6d1ae0786feee18fe030b54c9f4113aed35c80bbe4888d5334eedeafb0129e066f0f4c0a20f644596400607a5b008adaf22b7bc1e48881a80c11ebafb0382036ed50d5a0713d08b8d906a09fd0a390816d15b50917a5414ea21181bbefcb8286f6a9e9431f03d9e3be70e1bbe4228336eb758ea2446fc77fe532009e6da39320e4844989958881bbf6f8d3ebe006c5328510906a11ef7be8a80d18bbe4228b52bc1ed9e1d587d3ebd51eb8501122b309ace1c96a9f85cad7c691b2bbe4229052b614e1bb6fd0dbe0b71181bbe6af8e8aeb1cdbda84b98ee81ef8d3aedcb52274eb6063e8258881bbeaf8d3ebb672859fa0cfe0bbe4888130eb49db8aeb70d1dbe44481b56187d1e3be7081bbe42206b48524e18aebd0db8aeb43d1bbe422873feb16d1bbe49881bbe4118553ffbab31b5a2b6051e8208178b45181bbe43b859fa0c5859fa001d978bc3181bbe42169ebe42e85d1a08242eba41181bbf126a5ff6540a5ff6dd042e3c41181bbe7cad1bb8e50d5a5781d7e9fe611df78b66081bbe453859fa009859fb098db78be0281bbe44769e9e4e295efee4034443661c7d32712c7bbe48896bfc05500bfc05608e5271aa1bbe4888253b211eb2bd8c5b20226e4eaf816ad6b41191181bbe9cbd1e4be4481bbe4038ee9b38195effea30c3217cfe781c4bfa704893742eba42281bbfe40a5ff658ca5ff6d4942e3c42281bbe7acd1bb8e142903b6a9de45532d44b2d6457303a6051d81d91181bbefcad7afb0537d3e22cfd90482d10811258352bb8e87d7fde48881a2e035c53ae006f532ba87df9be48881b80c4781d1bc7995efc0191444f0dcaff3619881bbe09b397b6d17d1ac908895efd56e3c38ed5781afb076e60667704132e45de9b0897d53bbe44486528488e5da8163e9ef8a47f1f4900a81f7a8ccd5f5e47deddfca4fecd58d3381de89e1d5cf8156e4d68d56
0x1e1e4a,4,eec1f14f,177a6639
0x1e1f58,4,97b63d83,515faaf5
0x1fcf64,1,63,62
0x1ffc61,163,7b1a1d2f93493a467b1a7138ff15ec846f4ecfdec693b7785c99faa74e3d4d793e1a1d2c6e1e1e68fa1e5040f2472b715b1ad12c78f2f62c11c2cb4a75e7b587c041e87bbb912e785f26c92535d568d6c41589382f3efeb9840e1302339f072c7b1e1e94bb916a390f1a60784a6555af726fd1382f28c491f80e130f668fa7ecf0360c687f9de4ef2e5f742c7b03ec083f9bd5081793feef263a472c7b1966797b707d,c08d6bd628ded6bfc08da8c144825f7dd4d9a8277d047981e70e675ef5aa7680858d6bd5d589f291418989b949d09888e08db6d5c36538d5aa5556b3ce708e7e7bd69e820006c281e4b110dc8e42db2f7f82eec194a930403f998efb88083cd5c089686d000686c0b48db981f1f2e656c9f8b6c194bf0a6843998ef6dd189c154ba17a91c40a081695c8add5c0945ff1840cb2f1ac0430169daddad5c08e5d80c0e70b
0x1ffd08,286,8a0aff151f2e7f62bb4a6f75bbfcc691389374ac79ffb84be22c7b1a51285f5e0f285f569475b8431a2c7b1a77c42a1a822c7b1ae5a974e1224a2c22c63d82c37b95944bac90b3c03ad67c25b77c3b1ae82c661ef568fa1e8768f24284745b1a8e2c78f24d2c111a3a2cc59e7becfe0e858a528f5afc843d6f6b83a1f02c5b374d7e391a1d2c6c1e1e68fa1e5078f2402b765b1ad12c78f2f12c110e2835ca9f03f7c4151f2c5c1a84c7cc2162cefa7c86f8b84c972c7b1ab6285f5ec6285f6e0772b8443d2c7b1a39c42d1a1e2c7b1e5fc5dcc03ead1dd01c23b98d847c3b1a8e2c6e1e3968fa1e1e68f242b7745b1ae82c78f2812c111aa32c359e482c6f4ebce3c6991d2c7b1aba23bde80a7acbd9bb6f7b1ad1347f3ee7ad7f3e1ba5,b1f3448269d7c4f557b3d4e262057d068b6acf3b1e0603dc2cd5c08dccd1e4c934d1e4c1e28c03d4f6d5c08dae3d918d31d5c08d8250cf76ecb397b55bc43954406c2fdcda690857d62fc7b26e85808d5bd5dd8992914189499149d5198de08db5d5c3653bd5aa8dd6d57e09a21545993673e9183d053faaa19238366dd5e0a07687828d6bd5d789f2914189898149d7988fe08db6d5c3653fd5aa99b5cc7108380e7f8269d5e78d683e77b6bb3741eb350103dbf0d5c08d78d1e4c95bd1e4f93c8b03d34bd5c08dd53d968dc7d5c089ec3c67575954a647d2da021a1985808db5d5d5894f914189f29149d56e8de08d5bd5c365e6d5aa8d6dd58e09d5d5d4d9871a7d0e6bd5c08d56da067fd383704e0896c08db6cdc4a92954c4a9865c
0x1ffe2a,1194,2c631e1e68fa1e5078f2402b765b1ad12c78f2f12c1164462d7ba4e3500ebc358b9fd25b1d4f80946f6bf584f6979a5dd757a0a16f76a70cf693955ac0affcb7ea46cf2a0b6773e2fc1a472c74f341d0afaade7d3a1a3a2c6c1e5068fa1ecc60f24312755b1aa32c78f2162c113e8aa525454a2c7b1a38ad744c24382f3fcd91f21ad12c7aa2b740e394ca057b1a8e3d927be54c7b1a3a2ff015a0dafb0ebc027f8758d8c2ccacef2859472c7b0d8a083f9b1908279361ef203a742c7b19007f7b7011076f4e938be691537854ed33a76f4e2fe7c6193ae9d504b77f381ae82c6c1ef568fa1e8770f24184775b1a8e2c78f24e2c111a3a2c14f32b3816d10d997a496b8022e052b0407972164d8ddb65a47af018561a3a2c68f37bcec8e5db24de2747ef2958a32c7b0643083f9b8a082f9347ef213a3a2c7b199c7e7b70e82c7b6054235ee5a854fa7c6f6c537a31756f4e2d53e631e399af00ab2229c67256f72ca1a27b2ed72c7b1a56c42d9d2c7a13cf4974e7d96b6d7b1a74307f3eacad7f3e9da522d9fa0c7b1a472f934b8e467b1a1de0fe15522a039a155bb50ce7eefad15a4c6f4e8ce3e61915d34e91eb60c5d94f6e7b1a3a367f3e30ad7f3ebca521d98b0c7b1aa32f934847467b1a8f24fe1518a3439b5c382f39c89972fa18abc205127e391aa32c631e6368fa1eaa78f240de765b1a3a2c78f2262c111ae82d0c9ede7f7c62233817e3f891f2440fb32d884538ba8535ef2b5a742c7b07ec083f9bd5083f93fbef233a472c7b19667c7b701d2c7b41bf23081f0cac4ebc52b4929bc541737e162d7b1a475dfe156614fb0e493305a7b338167392b1f0cc02ccd41e97abc1eccfef2e5f472c7b078a083f9b1908179367ef263a742c7b1900797b70d12c7aa42723bb9fc554311a0bc80fe69bf85e1a3a2c70f3563319892b7d3a1ad12c6c1e8768fa1e6360f2434d755b1a1d2c78f26b2c11ca8b38145ced99f24664d97a25adef2b5a472c7b038a083f9b19083f9362ef233a742c7b19007c7b70c54362ab26a18e1aeb2580454d7e391a1d2c631e1e68fa1e5078f2402b765b1ad12c78f2f12c1164462d7ba4f7135e5c45ef2b5a3a2c7b0270083f9bec083f9389ef233aa32c7b19af7c7b708e2c79b2f4aaad9a0aedb51ab77c3b1ae82c6c1ef568fa1e8768f24284745b1a8e2c78f24d2c111a3a2c3c9f7bec7b1c90ad1d0e85075087aa2c7b1a1ea974f28c54fbcba2237b1a3a2ff915742c7b766d231b86e9ad1d7e41baea8047ee9268c4220d3d83747b1a3a23921a742f689ee7562427b72a039b4e9e6f4e765bc691694f809bdf57dfd96a6c7b1a74367f3eacad7f3e95a523d9fb0c7b1a472f934a8e467b1a1d67fe15382e467c4cad6f77eef3c693d12c78042723bb9f5340e23d3b056d4b9d3cafc7f97a3d1a742c621ecc68fa1ef558f24460725b1a472c78f2d82c11cae24d210e6e32b19ffd7fabade74c6f4ef785c691b74362abc2a16f4ea193ee91399da8fc4eef2859742c7b02ec083f9bd5082793f8ef203a472c7b19667f7b705b2d7a1a8438161078a1f064a1ef2b5ad12c7b0fa7083f9b43083f93d6ef233a1d2c7b19d27c7b70742c78ee01382f28f2b1f01aa32c559f48877b1cf6ad1d69effd7ba03a2c7b25f123931890ac7b1ad165fe15c3b0439b,d5d889f2914189898149d7988fe08db6d5c3653fd5aaf3dbd4c0331aeb990fcc3008b5a2a6d84e6dd4fc687d4d00a1a46cc0d658d4e14bf54d044ca37b384f4e51d1a8d3b0f0bd1b478ddad5cf647a29143da884818dd6d5d789899141897f9949d4758ce08d6dd5c3658bd5aaa9b15c9ed23cd5c08dd454cfdbfdc194a87e68498db6d5c13579b9580357fcc08db5c429ec93b5c08dd6d64b82792340990ffbc4103f21795b621693cedad5c09ab1f1840c6ff19c048d169badadd5c08eb386c0e776fed4d95d725d06ce81ef7a085ed4d9591e7d8ed6106e936e86838d5bd5d78992914189498949d6198ee08db5d5c36538d5aa8dd6d5af64f2c1ad46be60c1de0c7999779c49fbeeefeff61ae09c1fed86e1ed8dd6d5d364a237737268dd65b0201692cf6dd5c091def1840cb1f1940431169aadd6d5c08e4587c0e75bd5c0f733dae57266ad41ebf295e8ed0a8cd4d95baa5da60f60149772db9251c1af4cbbc65bc0b919d5c08dcb3d960a1783a8583f8d5c4e8794c08dadc9c4a91f54c4a9fa5c994e34f5c08ddad628dcb5bfc08d6b194582bed3b80dcca20e9b541741463db5d4d9421a5d8e882af506d0997e4e3997c08dd6cfc4a9e954c4a90f5c9a4eecf5c08d6dd628dfdabfc08db4dd45826e5af80cb0c194ae1160c96dab5279927587828d6dd5d889fe914189918149d7a88fe08dd6d5c365ffd5aa8d5bd4b709b986c7f5edc1ac74656849d3344a961f33c10112d91690cdadd5c0905ff1840cb2f18404351698addad5c08e5d85c0e76bd5c0d653dab388d555f52be14d290ca2b8c8e9d8d4c08ddaa445825ded40993fcabe305fc1ade44b484b5bb1356f89f0527a7b011695c8dad5c090b1f1840c6ff1ac048b169dadadd5c08eb380c0e7b6d5c133e9da000858ad8a8d3031b471ed01e58dd6d5cb648fcaa21e9884818db6d5d78949914189fe9949d4768ce08d6bd5c36587d5aa5d52c1afcb5e6049d10320c1b2631690cddad5c094b1f1840c6ff184048e1698adadd5c08eb385c0e7a2bad93ce858358d76dc3bd27687828d6bd5d889f2914189898149d7988fe08db6d5c3653fd5aaf3dbd4c033cceae5cb331690cdd6d5c095a9f1840c5ff18404ee1698ad6dd5c08e3285c0e7b5d5c2258253160de6140e8d6e85808d5bd5d78992914189499149d5198de08db5d5c3653bd5aa8dd6d58708a215c08b2354a699e2feeb1064d5c08d8350cf65b7ad405cd4dac08dd6d64282add5c0e1dedaa0118e54a6e98f435117da1729ffffdbb6aaf58dc08dd6da298dadd6d30954af9fb0d0d3b80c8067d4d9eba27d0652b63b0ca9ae644e8695c08dadcfc4a91f54c4a9f25c984e35f5c08ddad628ddb5bfc08d6b9e4582d4d7fdeb9554d4e05d0a7d04b6d5c393e9da0008ceb959aa00fcd6dcebc514501583868dadd5d9897f91418992a149d3ae8be08ddad5c365e3d5aa5d94b49a9982cb0a082486103a54b5d4d9907c7d0679bad93c5f58d4d99a6a55064f64136ba21693ceadd5c0955ff1840cb2f19c0436169baddad5c08e5d86c0e72dd4c18d68c1ad87a1584bf3121690cdb6d5c09869f1840cdef18404ed1698ad6bd5c08e3e85c0e7add5c379b2c194bf95484b8d6dd5ee08d57ec08bcd54a6fe9904c037d6d5c0b228da288f2355c08db69c45820d49f80c
0x20e0fd,1105,c8f64c81c34b40623a7737f3c5e4b620999b93623a42e9ebc5fbb7874206226e529745c2ee4e0bf05f60e36a1b9f623abdfbcbc58c99352c48ad10266cdd636afed12608a51276514f3632c9923632c175d12e685a12764b5c4276227d46583877ed7648a511cebe884034489612624c0956f74c7e46ff1277485648691275a080121c48a5123acc44d27dc37fdfa80a9e6dd75feb0f1dbb1924fd48691266a1d25bef813ed126084b127650923632c9293632c102d12e68b412764b8142762202ed17549233f9bfcac2fd2896127642a11d623a7737f3c5757880c90f127648d794799f2e74623ada12ebc551aa98892d04b5181a127648ad16520ce816520c5b4ab5108512764848fa2648fc0622665db78917ebe1c147b4127649d151bcc82738b518e51276485f16520c1716520ca44ab5107a127648b7fa26480312764883967988aee3fc1121955f7f2f4228eee89a90e35a9607b60c98b75daa15c1cdae873948a51262a158a924e38d4d6bc2386b97205112967efecbe048691265a0e1965c51c541b5180b1276488f16520cac16520cd34ab510941276486afa2648b8c28929977399c92dd498c8f64c81c34b40623a7737f3c5e4b620999b93623a42e9ebc51800c92e5f46583833ed08fe0459f810731710982520ee7792b3624f39127648b6fb76484b11ceb61d12764804967988514d287eb17ee5f23a506c30a4df9931c3c8101f3bd5dd6496127647c5c289596ca810983f74fc28836222bf88d1210fa51276524f3632c992360ac172d129685a12764b5c4576227d605b6d579f8e32b0531ebe3c739e46554135482d126a4c7e56f74c904eff13aa495648d21275a0f6121c5c398285d51bf28dc41e6976485a179f48b4127cce66d2fd5b38e3f72e94201af789938a48961277cf221276485d967929b7125a10aa453148d2126e4c8156f74c6f6eff17554d56482d1275a00d121c10a0465215fced621cfc5af3c1a5127232f3d2fd188366765c792309f5d91b0348a046442fd491b6d26d741748a51276ca44127648909279288e3db3f5e2477a32c0d69ae68f1f220943a07648a5019f28efb2c08b711cacf4ee4236485a126d4c9056f74c4d56ff10114a5648a51275a01b121c881dc3fd5c790ca7dda54c281206b5aa0c7b2832c70c127648acfa26196f16ff10cc4a2679224b271a0a127648be937918b58fc92ec660e6a3209f7614266230cba763768b7b5476485a0e726cf093726c1d9b288b8c327648a5119e1e4b78e61384ee2f68d05e76485a149f1be4482e1269127648501d4747fd42241819828e5ce4837fcda05d19935aac7648b76d9f3c44a8105411453148a512624c6f56f74cb26eff17ee4d56485a1275a0e3121c4869125cccdd12621c97ddcbcbdea776489612f047562a809299433748b412614c4d56f74cf65eff11664b56484b1275a0c7121c482d11aea1b1987648b410f5476912767c571d775cf1177bf5c86aada2439ec99634124bf864a035f8ffdd760da85ba748e227db0c60d3cf2828806bbc5114976ec6,1e12954a158299a9ece4ee3813c36feb4fd54aa9ecde302013227c510cdfe9b8ce4e8e14d797c0262db928bcff46a9ec742200131f40fefa6f74dbf02204a8bc6208edde9ccbbd873deff91f76eff917bc08e5bec9cbbd9d7b9bbdf4339f93eeeb34bd9e9cc80568fa99ff9e72cba99ac08f3c9aed9f34c450919d9e27cbbe761ccbd79e9ccbf11a360bb6159b0663dc57b41c8978d6d66d3efd369e27cbad774e8224570708edde39cbbd8676eff91fe0eff9179108e5be93cbbd9dcf9bbdf49e34dc82abea3269b81b36fe72cbbd9468c4a9ece4ee381352a14b1f41cbbd9e4b4db24917ada9eca8cb2013b573535fe4dd7ece89cbbd9e8acf99daa6cf99dac7937ec6bccbbd9e3a23ed9e18dfe9b0946e42c178380a9193cbbd9f9f88771ebbe17ecedccbbd9e2dcf99daf3cf99da6d937ec6e9cbbd9e9023ed9e4dcbbd9e1f4fb25e973a37c7534c94a9cb9be33821435b35c94fcc602b417c8be4cc0a1b325ef29e9ccba9772a70ef356994a014f1b25cf6c2cb5da8d9122b9e27cbae767d4f9787fc987ece79cbbd9e6bcf99da65cf99da40937ec6b3cbbd9e2423ed9e241b42ffaeaa521f5f0d531e12954a158299a9ece4ee3813c36feb4fd54aa9ecde30201321d902f82d9f93eed734c328cd8033c6e0cedb4e02f925a1dc6aa999a5cbbd9e8f22bd9e39c80560f9cbbd9ecd4fb25ec294e3a896a72e247489a7e6380652e7fa11dbc9490c16b272cbbd910c1b428fff71db4e18ad37fecdbbe9691408ead99ccbbd843deff91f76efc117bb08e2bec9cbbd9d7b9cbdf433b990bbcb4645e4898ad5684eaa5590b198fe9ee4cba19aed8f3c9ab79734c5e4909d9e4ecbbe76cfcbd78a4b5b4e03ff2b4612d7b0bd9ec9ce549e93cbb718280b368da43a3cf8adf9d121fb4a419e72cbbc19ebcbbd9ece4fb2ff90cb91c6e49cfa9e4ecba59ab88f3c9a1db734c1b1949d9ee4cbbe769ecbd7c6879f99c3b234a9ca608338179ccbb9e4810b36ce67bfbd8ab0fac2234ac2c89e879f8ff99a487d04f1addc9e9ccbbd1c36cbbd9e744bb2fe47e47823719eb1e4e70f5130c1c6e9dfdf79bd9e9cd854fe9d6b0b5d95c56722279bfd9ec9cba69ab78f3c9a038f34c68d939d9e9ccbbe7669cbd75ef91a368ab0d56c0b3695e3c4216c61da35f1f91190cbbd9e9523edcf1dcf34c62893edafeb92eccc99cbbd9e994ab2cefb5602f85ab92d751946bdc254bbfb1d43babd5db28dbd9ec9d7b9bad74ab9ba5342e35d10ebbd9e9cc855c839a12dc56037e4be1987bd9ec9cd54cdc391e5c427cbbd9eccc48c91c49befce6b5b458a005ab41b6984d245c975bd9e90b454ea0a71db828d9cfa9e9ccba99a1d8f3c9a56b734c127949d9ec9cbbe76c4cbd79e27cb971a41cba9caae04001dac7ebd9e72cb3b919ff34b440a9afc9e93cbaa9a038f3c9a6a8734c75f929d9e39cbbe7623cbd79ee4c865772241bd9e93c93e9127cbbdaacbc4bc8ac8ceb023bab36674a7470240fdcb802ef779fe2ed804bddbe6826c9e7efe10da590a04fe5a59a06ab5cd5cb80f
0x20eb2c,2,03fc,00ec
0x219585,2,01ac,007c
0x21f5c7,48,3063be0430121d02289835371cbcc1bc30558f725907da66302cf3606927fd1f3024fdf4692ff32e30e46d818c5c1984,da1d6c6dda6ccfd0c2e6e792f6c213f7da2b5de4b379084bda52213a83592fabda5a2f9d835121fcda9abf246622cbcf
0x21f60b,1,06,09
0x234d33,1,6c,51
0x23501a,4,42e39623,14c1ed02
0x25b682,2,ae64,acf5
0x25b686,2,5764,55f5
0x25b6ce,6,ea62324fd596,eb9f326dd595
0x25b6d6,2,77f5,7560
0x25b6da,2,b8f5,ba60
0x25b6e0,140,abb1325657b13256ae246a0c05eb53368be9794cb08da70eb0d06b53a9de7c1ffba2301bb3c63256aebadacbc61ba71ac52feb7656e3efe2eab1325a3ceff4a02ad799ac72adbdb8c74101f43035a5408b69891cc05d3256eaa5dbcab580a20ef1d0e23fe9d7b0e0ce803de3b12e0caf7af2c0ab21165497427a3256d5bedb04fbe15388dcde297c190952c6,ad58f93e99305453d2de7c1f0da2301bbab1325f9c2d5e4752d75267dae9680ef1803d0407803d75fc6c86d19b103afd40942ed9e0e968bdd0d46e99fb180225491cf68101c02a56aeb122bf6cbe53a831d7afd5478ca7e5c85c364143b13256ad58620e0de96863c2ae8c2f1d723256bab6db677ad0165263845e496bc87295d9cce671b1f03256aebcdb03
0x25b76f,44,b1325675b13256eab13256d5b13256abb1325657b13256aeb132565db13256bab1325675b13256eab13256d5,b7db677a247e2974681275876c86d16d103afdad942ec0f6eba9fcc8fd4dc86391a70e2fd0af55580c2631f3
0x25b79e,9,b13256aeb132565db1,e96a0cbdb37fb22ac7
0x26c2ff,1,47,48
0x289f2d,2,0246,00d3
0x299b3d,1,6c,51
